inventory_id,product_id,warehouse_id,quantity_available,reorder_level,stock_status
INV-00001,PRD-0001,WH-003,114,55,Available
INV-00002,PRD-0002,WH-001,163,33,Available
INV-00003,PRD-0003,WH-001,171,31,Available
INV-00004,PRD-0004,WH-002,70,23,Available
INV-00005,PRD-0005,WH-001,146,84,Available
INV-00006,PRD-0006,WH-004,71,45,Available
INV-00007,PRD-0007,WH-004,229,73,Available
INV-00008,PRD-0008,WH-005,2,55,Low Stock
INV-00009,PRD-0009,WH-001,9,40,Low Stock
INV-00010,PRD-0010,WH-003,110,55,Available
INV-00011,PRD-0011,WH-002,280,33,Available
INV-00012,PRD-0012,WH-005,270,65,Available
INV-00013,PRD-0013,WH-004,56,53,Available
INV-00014,PRD-0014,WH-003,121,88,Available
INV-00015,PRD-0015,WH-003,62,30,Available
INV-00016,PRD-0016,WH-001,122,66,Available
INV-00017,PRD-0017,WH-004,234,25,Available
INV-00018,PRD-0018,WH-001,56,30,Available
INV-00019,PRD-0019,WH-004,274,68,Available
INV-00020,PRD-0020,WH-001,263,40,Available
INV-00021,PRD-0021,WH-005,123,54,Available
INV-00022,PRD-0022,WH-002,149,97,Available
INV-00023,PRD-0023,WH-004,0,51,Low Stock
INV-00024,PRD-0024,WH-005,180,54,Available
INV-00025,PRD-0025,WH-002,292,48,Available
INV-00026,PRD-0026,WH-004,95,49,Available
INV-00027,PRD-0027,WH-001,268,71,Available
INV-00028,PRD-0028,WH-003,34,92,Low Stock
INV-00029,PRD-0029,WH-005,278,47,Available
INV-00030,PRD-0030,WH-005,259,78,Available
INV-00031,PRD-0031,WH-005,10,51,Low Stock
INV-00032,PRD-0032,WH-004,240,53,Available
INV-00033,PRD-0033,WH-001,198,94,Available
INV-00034,PRD-0034,WH-003,129,37,Available
INV-00035,PRD-0035,WH-001,182,26,Available
INV-00036,PRD-0036,WH-001,176,100,Available
INV-00037,PRD-0037,WH-002,53,96,Low Stock
INV-00038,PRD-0038,WH-005,170,96,Available
INV-00039,PRD-0039,WH-002,22,52,Low Stock
INV-00040,PRD-0040,WH-003,279,34,Available
INV-00041,PRD-0041,WH-003,89,54,Available
INV-00042,PRD-0042,WH-004,245,34,Available
INV-00043,PRD-0043,WH-002,69,78,Low Stock
INV-00044,PRD-0044,WH-001,234,84,Available
INV-00045,PRD-0045,WH-001,150,33,Available
INV-00046,PRD-0046,WH-002,22,84,Low Stock
INV-00047,PRD-0047,WH-002,21,67,Low Stock
INV-00048,PRD-0048,WH-003,158,87,Available
INV-00049,PRD-0049,WH-005,203,61,Available
INV-00050,PRD-0050,WH-005,242,66,Available
INV-00051,PRD-0051,WH-003,18,50,Low Stock
INV-00052,PRD-0052,WH-002,146,30,Available
INV-00053,PRD-0053,WH-003,24,28,Low Stock
INV-00054,PRD-0054,WH-003,139,36,Available
INV-00055,PRD-0055,WH-001,188,90,Available
INV-00056,PRD-0056,WH-004,204,97,Available
INV-00057,PRD-0057,WH-004,197,89,Available
INV-00058,PRD-0058,WH-003,95,59,Available
INV-00059,PRD-0059,WH-004,254,76,Available
INV-00060,PRD-0060,WH-003,265,35,Available
INV-00061,PRD-0061,WH-003,42,63,Low Stock
INV-00062,PRD-0062,WH-004,40,49,Low Stock
INV-00063,PRD-0063,WH-004,92,29,Available
INV-00064,PRD-0064,WH-005,150,49,Available
INV-00065,PRD-0065,WH-003,52,62,Low Stock
INV-00066,PRD-0066,WH-001,167,55,Available
INV-00067,PRD-0067,WH-003,156,89,Available
INV-00068,PRD-0068,WH-004,218,93,Available
INV-00069,PRD-0069,WH-002,227,72,Available
INV-00070,PRD-0070,WH-003,228,75,Available
INV-00071,PRD-0071,WH-001,180,79,Available
INV-00072,PRD-0072,WH-005,222,32,Available
INV-00073,PRD-0073,WH-003,29,33,Low Stock
INV-00074,PRD-0074,WH-001,207,88,Available
INV-00075,PRD-0075,WH-003,262,43,Available
INV-00076,PRD-0076,WH-002,15,29,Low Stock
INV-00077,PRD-0077,WH-002,224,32,Available
INV-00078,PRD-0078,WH-001,64,21,Available
INV-00079,PRD-0079,WH-001,120,41,Available
INV-00080,PRD-0080,WH-003,185,47,Available
INV-00081,PRD-0081,WH-004,290,41,Available
INV-00082,PRD-0082,WH-001,78,53,Available
INV-00083,PRD-0083,WH-004,189,56,Available
INV-00084,PRD-0084,WH-003,227,82,Available
INV-00085,PRD-0085,WH-001,293,47,Available
INV-00086,PRD-0086,WH-002,271,89,Available
INV-00087,PRD-0087,WH-003,203,27,Available
INV-00088,PRD-0088,WH-003,142,84,Available
INV-00089,PRD-0089,WH-002,58,40,Available
INV-00090,PRD-0090,WH-001,95,30,Available
INV-00091,PRD-0091,WH-004,265,96,Available
INV-00092,PRD-0092,WH-004,287,71,Available
INV-00093,PRD-0093,WH-001,134,51,Available
INV-00094,PRD-0094,WH-003,228,99,Available
INV-00095,PRD-0095,WH-002,146,92,Available
INV-00096,PRD-0096,WH-004,102,46,Available
INV-00097,PRD-0097,WH-001,69,50,Available
INV-00098,PRD-0098,WH-001,231,58,Available
INV-00099,PRD-0099,WH-002,227,21,Available
INV-00100,PRD-0100,WH-001,163,32,Available
INV-00101,PRD-0101,WH-003,33,84,Low Stock
INV-00102,PRD-0102,WH-005,277,28,Available
INV-00103,PRD-0103,WH-003,153,56,Available
INV-00104,PRD-0104,WH-002,89,58,Available
INV-00105,PRD-0105,WH-003,260,21,Available
INV-00106,PRD-0106,WH-002,62,58,Available
INV-00107,PRD-0107,WH-002,71,37,Available
INV-00108,PRD-0108,WH-002,252,90,Available
INV-00109,PRD-0109,WH-001,184,97,Available
INV-00110,PRD-0110,WH-005,293,46,Available
INV-00111,PRD-0111,WH-003,239,84,Available
INV-00112,PRD-0112,WH-005,66,31,Available
INV-00113,PRD-0113,WH-005,44,25,Available
INV-00114,PRD-0114,WH-001,158,53,Available
INV-00115,PRD-0115,WH-004,245,90,Available
INV-00116,PRD-0116,WH-005,210,21,Available
INV-00117,PRD-0117,WH-004,294,89,Available
INV-00118,PRD-0118,WH-001,64,94,Low Stock
INV-00119,PRD-0119,WH-003,37,36,Available
INV-00120,PRD-0120,WH-004,238,25,Available
INV-00121,PRD-0121,WH-005,176,51,Available
INV-00122,PRD-0122,WH-002,282,91,Available
INV-00123,PRD-0123,WH-005,93,99,Low Stock
INV-00124,PRD-0124,WH-002,221,40,Available
INV-00125,PRD-0125,WH-005,28,72,Low Stock
INV-00126,PRD-0126,WH-001,265,72,Available
INV-00127,PRD-0127,WH-002,155,54,Available
INV-00128,PRD-0128,WH-002,82,68,Available
INV-00129,PRD-0129,WH-003,115,48,Available
INV-00130,PRD-0130,WH-003,265,64,Available
INV-00131,PRD-0131,WH-003,40,48,Low Stock
INV-00132,PRD-0132,WH-003,100,71,Available
INV-00133,PRD-0133,WH-005,140,55,Available
INV-00134,PRD-0134,WH-002,155,71,Available
INV-00135,PRD-0135,WH-005,273,62,Available
INV-00136,PRD-0136,WH-001,257,53,Available
INV-00137,PRD-0137,WH-002,297,24,Available
INV-00138,PRD-0138,WH-002,87,64,Available
INV-00139,PRD-0139,WH-005,172,75,Available
INV-00140,PRD-0140,WH-005,21,34,Low Stock
INV-00141,PRD-0141,WH-001,41,44,Low Stock
INV-00142,PRD-0142,WH-001,295,20,Available
INV-00143,PRD-0143,WH-003,107,45,Available
INV-00144,PRD-0144,WH-005,213,62,Available
INV-00145,PRD-0145,WH-005,15,58,Low Stock
INV-00146,PRD-0146,WH-004,279,61,Available
INV-00147,PRD-0147,WH-003,154,90,Available
INV-00148,PRD-0148,WH-004,125,68,Available
INV-00149,PRD-0149,WH-004,152,98,Available
INV-00150,PRD-0150,WH-004,37,90,Low Stock
INV-00151,PRD-0151,WH-001,80,56,Available
INV-00152,PRD-0152,WH-004,212,97,Available
INV-00153,PRD-0153,WH-004,237,76,Available
INV-00154,PRD-0154,WH-002,174,85,Available
INV-00155,PRD-0155,WH-005,73,30,Available
INV-00156,PRD-0156,WH-003,163,62,Available
INV-00157,PRD-0157,WH-003,204,59,Available
INV-00158,PRD-0158,WH-002,189,38,Available
INV-00159,PRD-0159,WH-005,287,80,Available
INV-00160,PRD-0160,WH-001,163,78,Available
INV-00161,PRD-0161,WH-002,238,44,Available
INV-00162,PRD-0162,WH-001,136,83,Available
INV-00163,PRD-0163,WH-004,126,20,Available
INV-00164,PRD-0164,WH-002,49,74,Low Stock
INV-00165,PRD-0165,WH-001,148,79,Available
INV-00166,PRD-0166,WH-004,214,35,Available
INV-00167,PRD-0167,WH-002,81,87,Low Stock
INV-00168,PRD-0168,WH-003,295,60,Available
INV-00169,PRD-0169,WH-003,97,98,Low Stock
INV-00170,PRD-0170,WH-002,255,74,Available
INV-00171,PRD-0171,WH-005,239,77,Available
INV-00172,PRD-0172,WH-004,157,77,Available
INV-00173,PRD-0173,WH-004,11,55,Low Stock
INV-00174,PRD-0174,WH-001,201,82,Available
INV-00175,PRD-0175,WH-005,234,76,Available
INV-00176,PRD-0176,WH-002,110,50,Available
INV-00177,PRD-0177,WH-005,180,89,Available
INV-00178,PRD-0178,WH-001,25,49,Low Stock
INV-00179,PRD-0179,WH-003,253,47,Available
INV-00180,PRD-0180,WH-005,240,62,Available
INV-00181,PRD-0181,WH-003,274,27,Available
INV-00182,PRD-0182,WH-001,55,69,Low Stock
INV-00183,PRD-0183,WH-004,68,22,Available
INV-00184,PRD-0184,WH-003,187,68,Available
INV-00185,PRD-0185,WH-004,187,58,Available
INV-00186,PRD-0186,WH-001,205,88,Available
INV-00187,PRD-0187,WH-001,291,97,Available
INV-00188,PRD-0188,WH-005,99,48,Available
INV-00189,PRD-0189,WH-003,283,23,Available
INV-00190,PRD-0190,WH-003,37,41,Low Stock
INV-00191,PRD-0191,WH-004,258,99,Available
INV-00192,PRD-0192,WH-004,281,95,Available
INV-00193,PRD-0193,WH-003,60,30,Available
INV-00194,PRD-0194,WH-002,49,79,Low Stock
INV-00195,PRD-0195,WH-004,191,68,Available
INV-00196,PRD-0196,WH-003,285,61,Available
INV-00197,PRD-0197,WH-003,73,55,Available
INV-00198,PRD-0198,WH-002,260,52,Available
INV-00199,PRD-0199,WH-004,256,22,Available
INV-00200,PRD-0200,WH-001,23,64,Low Stock
INV-00201,PRD-0201,WH-001,70,25,Available
INV-00202,PRD-0202,WH-003,242,45,Available
INV-00203,PRD-0203,WH-005,233,39,Available
INV-00204,PRD-0204,WH-002,263,34,Available
INV-00205,PRD-0205,WH-002,167,79,Available
INV-00206,PRD-0206,WH-005,163,41,Available
INV-00207,PRD-0207,WH-002,201,40,Available
INV-00208,PRD-0208,WH-005,153,94,Available
INV-00209,PRD-0209,WH-005,172,93,Available
INV-00210,PRD-0210,WH-005,260,70,Available
INV-00211,PRD-0211,WH-005,250,29,Available
INV-00212,PRD-0212,WH-005,153,33,Available
INV-00213,PRD-0213,WH-004,8,96,Low Stock
INV-00214,PRD-0214,WH-003,169,25,Available
INV-00215,PRD-0215,WH-001,213,67,Available
INV-00216,PRD-0216,WH-005,157,21,Available
INV-00217,PRD-0217,WH-001,242,33,Available
INV-00218,PRD-0218,WH-003,296,78,Available
INV-00219,PRD-0219,WH-005,116,42,Available
INV-00220,PRD-0220,WH-001,298,98,Available
INV-00221,PRD-0221,WH-004,87,81,Available
INV-00222,PRD-0222,WH-005,194,54,Available
INV-00223,PRD-0223,WH-002,124,31,Available
INV-00224,PRD-0224,WH-001,293,51,Available
INV-00225,PRD-0225,WH-001,97,98,Low Stock
INV-00226,PRD-0226,WH-001,225,23,Available
INV-00227,PRD-0227,WH-003,214,43,Available
INV-00228,PRD-0228,WH-002,211,53,Available
INV-00229,PRD-0229,WH-002,210,55,Available
INV-00230,PRD-0230,WH-005,241,44,Available
INV-00231,PRD-0231,WH-001,70,82,Low Stock
INV-00232,PRD-0232,WH-005,106,80,Available
INV-00233,PRD-0233,WH-005,166,77,Available
INV-00234,PRD-0234,WH-004,269,57,Available
INV-00235,PRD-0235,WH-004,160,59,Available
INV-00236,PRD-0236,WH-002,235,80,Available
INV-00237,PRD-0237,WH-005,175,74,Available
INV-00238,PRD-0238,WH-005,181,62,Available
INV-00239,PRD-0239,WH-003,247,54,Available
INV-00240,PRD-0240,WH-002,126,35,Available
INV-00241,PRD-0241,WH-003,285,35,Available
INV-00242,PRD-0242,WH-003,115,44,Available
INV-00243,PRD-0243,WH-003,147,55,Available
INV-00244,PRD-0244,WH-002,250,96,Available
INV-00245,PRD-0245,WH-003,245,44,Available
INV-00246,PRD-0246,WH-003,286,42,Available
INV-00247,PRD-0247,WH-003,147,36,Available
INV-00248,PRD-0248,WH-001,293,90,Available
INV-00249,PRD-0249,WH-005,194,82,Available
INV-00250,PRD-0250,WH-004,176,93,Available
INV-00251,PRD-0251,WH-002,148,76,Available
INV-00252,PRD-0252,WH-001,147,52,Available
INV-00253,PRD-0253,WH-001,177,34,Available
INV-00254,PRD-0254,WH-004,131,82,Available
INV-00255,PRD-0255,WH-004,109,39,Available
INV-00256,PRD-0256,WH-002,275,58,Available
INV-00257,PRD-0257,WH-003,287,35,Available
INV-00258,PRD-0258,WH-003,70,97,Low Stock
INV-00259,PRD-0259,WH-001,300,48,Available
INV-00260,PRD-0260,WH-002,124,77,Available
INV-00261,PRD-0261,WH-001,271,95,Available
INV-00262,PRD-0262,WH-002,119,92,Available
INV-00263,PRD-0263,WH-001,51,32,Available
INV-00264,PRD-0264,WH-004,169,100,Available
INV-00265,PRD-0265,WH-004,51,40,Available
INV-00266,PRD-0266,WH-002,2,29,Low Stock
INV-00267,PRD-0267,WH-005,80,77,Available
INV-00268,PRD-0268,WH-004,243,57,Available
INV-00269,PRD-0269,WH-004,102,56,Available
INV-00270,PRD-0270,WH-003,164,29,Available
INV-00271,PRD-0271,WH-003,30,100,Low Stock
INV-00272,PRD-0272,WH-001,293,74,Available
INV-00273,PRD-0273,WH-002,273,39,Available
INV-00274,PRD-0274,WH-001,89,29,Available
INV-00275,PRD-0275,WH-004,90,96,Low Stock
INV-00276,PRD-0276,WH-001,203,56,Available
INV-00277,PRD-0277,WH-004,95,58,Available
INV-00278,PRD-0278,WH-003,19,84,Low Stock
INV-00279,PRD-0279,WH-001,152,30,Available
INV-00280,PRD-0280,WH-005,54,61,Low Stock
INV-00281,PRD-0281,WH-003,145,31,Available
INV-00282,PRD-0282,WH-004,278,95,Available
INV-00283,PRD-0283,WH-005,252,93,Available
INV-00284,PRD-0284,WH-002,258,80,Available
INV-00285,PRD-0285,WH-004,139,55,Available
INV-00286,PRD-0286,WH-002,57,75,Low Stock
INV-00287,PRD-0287,WH-003,83,31,Available
INV-00288,PRD-0288,WH-004,131,62,Available
INV-00289,PRD-0289,WH-002,7,40,Low Stock
INV-00290,PRD-0290,WH-003,151,56,Available
INV-00291,PRD-0291,WH-005,98,90,Available
INV-00292,PRD-0292,WH-002,207,60,Available
INV-00293,PRD-0293,WH-004,263,71,Available
INV-00294,PRD-0294,WH-003,44,89,Low Stock
INV-00295,PRD-0295,WH-004,48,44,Available
INV-00296,PRD-0296,WH-002,71,83,Low Stock
INV-00297,PRD-0297,WH-004,165,46,Available
INV-00298,PRD-0298,WH-002,3,56,Low Stock
INV-00299,PRD-0299,WH-003,196,35,Available
INV-00300,PRD-0300,WH-002,228,50,Available
INV-00301,PRD-0301,WH-003,168,90,Available
INV-00302,PRD-0302,WH-003,298,31,Available
INV-00303,PRD-0303,WH-005,5,79,Low Stock
INV-00304,PRD-0304,WH-003,184,83,Available
INV-00305,PRD-0305,WH-002,31,85,Low Stock
INV-00306,PRD-0306,WH-001,238,81,Available
INV-00307,PRD-0307,WH-003,81,78,Available
INV-00308,PRD-0308,WH-004,257,44,Available
INV-00309,PRD-0309,WH-003,60,37,Available
INV-00310,PRD-0310,WH-003,188,73,Available
INV-00311,PRD-0311,WH-005,113,54,Available
INV-00312,PRD-0312,WH-002,68,58,Available
INV-00313,PRD-0313,WH-004,78,82,Low Stock
INV-00314,PRD-0314,WH-004,191,88,Available
INV-00315,PRD-0315,WH-004,281,90,Available
INV-00316,PRD-0316,WH-004,275,78,Available
INV-00317,PRD-0317,WH-002,126,50,Available
INV-00318,PRD-0318,WH-005,41,72,Low Stock
INV-00319,PRD-0319,WH-005,228,68,Available
INV-00320,PRD-0320,WH-005,185,83,Available
INV-00321,PRD-0321,WH-001,288,84,Available
INV-00322,PRD-0322,WH-001,31,32,Low Stock
INV-00323,PRD-0323,WH-005,258,32,Available
INV-00324,PRD-0324,WH-002,293,21,Available
INV-00325,PRD-0325,WH-005,76,39,Available
INV-00326,PRD-0326,WH-002,167,63,Available
INV-00327,PRD-0327,WH-005,226,30,Available
INV-00328,PRD-0328,WH-001,105,68,Available
INV-00329,PRD-0329,WH-005,250,89,Available
INV-00330,PRD-0330,WH-001,261,50,Available
INV-00331,PRD-0331,WH-004,28,49,Low Stock
INV-00332,PRD-0332,WH-004,67,32,Available
INV-00333,PRD-0333,WH-005,212,76,Available
INV-00334,PRD-0334,WH-004,288,23,Available
INV-00335,PRD-0335,WH-001,286,57,Available
INV-00336,PRD-0336,WH-004,157,38,Available
INV-00337,PRD-0337,WH-001,202,92,Available
INV-00338,PRD-0338,WH-003,1,41,Low Stock
INV-00339,PRD-0339,WH-002,296,68,Available
INV-00340,PRD-0340,WH-001,23,83,Low Stock
INV-00341,PRD-0341,WH-004,176,49,Available
INV-00342,PRD-0342,WH-001,277,78,Available
INV-00343,PRD-0343,WH-001,35,79,Low Stock
INV-00344,PRD-0344,WH-004,16,40,Low Stock
INV-00345,PRD-0345,WH-003,209,95,Available
INV-00346,PRD-0346,WH-002,69,52,Available
INV-00347,PRD-0347,WH-004,191,45,Available
INV-00348,PRD-0348,WH-004,229,33,Available
INV-00349,PRD-0349,WH-004,192,65,Available
INV-00350,PRD-0350,WH-001,276,22,Available
INV-00351,PRD-0351,WH-002,178,55,Available
INV-00352,PRD-0352,WH-001,91,97,Low Stock
INV-00353,PRD-0353,WH-005,201,49,Available
INV-00354,PRD-0354,WH-005,65,48,Available
INV-00355,PRD-0355,WH-002,1,52,Low Stock
INV-00356,PRD-0356,WH-001,152,100,Available
INV-00357,PRD-0357,WH-004,278,59,Available
INV-00358,PRD-0358,WH-004,272,94,Available
INV-00359,PRD-0359,WH-004,117,31,Available
INV-00360,PRD-0360,WH-002,235,73,Available
INV-00361,PRD-0361,WH-003,79,89,Low Stock
INV-00362,PRD-0362,WH-003,96,87,Available
INV-00363,PRD-0363,WH-001,16,41,Low Stock
INV-00364,PRD-0364,WH-004,8,57,Low Stock
INV-00365,PRD-0365,WH-002,105,34,Available
INV-00366,PRD-0366,WH-001,51,38,Available
INV-00367,PRD-0367,WH-005,17,70,Low Stock
INV-00368,PRD-0368,WH-004,24,66,Low Stock
INV-00369,PRD-0369,WH-002,22,21,Available
INV-00370,PRD-0370,WH-004,224,78,Available
INV-00371,PRD-0371,WH-002,276,94,Available
INV-00372,PRD-0372,WH-002,28,33,Low Stock
INV-00373,PRD-0373,WH-002,257,23,Available
INV-00374,PRD-0374,WH-003,119,61,Available
INV-00375,PRD-0375,WH-005,163,28,Available
INV-00376,PRD-0376,WH-005,164,58,Available
INV-00377,PRD-0377,WH-002,154,37,Available
INV-00378,PRD-0378,WH-002,266,58,Available
INV-00379,PRD-0379,WH-002,211,32,Available
INV-00380,PRD-0380,WH-003,140,37,Available
INV-00381,PRD-0381,WH-001,285,89,Available
INV-00382,PRD-0382,WH-005,89,73,Available
INV-00383,PRD-0383,WH-004,284,98,Available
INV-00384,PRD-0384,WH-004,24,24,Available
INV-00385,PRD-0385,WH-003,195,76,Available
INV-00386,PRD-0386,WH-005,163,66,Available
INV-00387,PRD-0387,WH-004,209,89,Available
INV-00388,PRD-0388,WH-002,153,27,Available
INV-00389,PRD-0389,WH-004,94,35,Available
INV-00390,PRD-0390,WH-005,242,31,Available
INV-00391,PRD-0391,WH-002,115,22,Available
INV-00392,PRD-0392,WH-003,73,51,Available
INV-00393,PRD-0393,WH-004,29,46,Low Stock
INV-00394,PRD-0394,WH-005,211,46,Available
INV-00395,PRD-0395,WH-004,285,62,Available
INV-00396,PRD-0396,WH-005,68,20,Available
INV-00397,PRD-0397,WH-004,124,36,Available
INV-00398,PRD-0398,WH-003,104,34,Available
INV-00399,PRD-0399,WH-003,40,36,Available
INV-00400,PRD-0400,WH-004,189,95,Available
INV-00401,PRD-0401,WH-001,274,53,Available
INV-00402,PRD-0402,WH-002,26,87,Low Stock
INV-00403,PRD-0403,WH-003,193,80,Available
INV-00404,PRD-0404,WH-005,20,85,Low Stock
INV-00405,PRD-0405,WH-001,96,84,Available
INV-00406,PRD-0406,WH-005,286,25,Available
INV-00407,PRD-0407,WH-002,245,58,Available
INV-00408,PRD-0408,WH-002,170,27,Available
INV-00409,PRD-0409,WH-003,7,74,Low Stock
INV-00410,PRD-0410,WH-002,97,76,Available
INV-00411,PRD-0411,WH-001,245,61,Available
INV-00412,PRD-0412,WH-002,104,36,Available
INV-00413,PRD-0413,WH-004,122,90,Available
INV-00414,PRD-0414,WH-005,164,96,Available
INV-00415,PRD-0415,WH-003,194,84,Available
INV-00416,PRD-0416,WH-004,273,34,Available
INV-00417,PRD-0417,WH-003,157,47,Available
INV-00418,PRD-0418,WH-003,184,72,Available
INV-00419,PRD-0419,WH-005,254,71,Available
INV-00420,PRD-0420,WH-004,50,60,Low Stock
INV-00421,PRD-0421,WH-004,163,67,Available
INV-00422,PRD-0422,WH-002,189,28,Available
INV-00423,PRD-0423,WH-003,211,31,Available
INV-00424,PRD-0424,WH-001,288,36,Available
INV-00425,PRD-0425,WH-002,74,91,Low Stock
INV-00426,PRD-0426,WH-001,133,72,Available
INV-00427,PRD-0427,WH-005,299,26,Available
INV-00428,PRD-0428,WH-005,213,59,Available
INV-00429,PRD-0429,WH-003,78,84,Low Stock
INV-00430,PRD-0430,WH-002,168,48,Available
INV-00431,PRD-0431,WH-002,194,91,Available
INV-00432,PRD-0432,WH-005,125,93,Available
INV-00433,PRD-0433,WH-004,281,91,Available
INV-00434,PRD-0434,WH-003,131,98,Available
INV-00435,PRD-0435,WH-004,251,23,Available
INV-00436,PRD-0436,WH-004,86,23,Available
INV-00437,PRD-0437,WH-003,86,63,Available
INV-00438,PRD-0438,WH-002,279,38,Available
INV-00439,PRD-0439,WH-004,94,28,Available
INV-00440,PRD-0440,WH-005,30,31,Low Stock
INV-00441,PRD-0441,WH-005,17,68,Low Stock
INV-00442,PRD-0442,WH-001,24,40,Low Stock
INV-00443,PRD-0443,WH-001,211,92,Available
INV-00444,PRD-0444,WH-002,118,39,Available
INV-00445,PRD-0445,WH-001,77,26,Available
INV-00446,PRD-0446,WH-001,111,76,Available
INV-00447,PRD-0447,WH-005,233,97,Available
INV-00448,PRD-0448,WH-003,30,47,Low Stock
INV-00449,PRD-0449,WH-005,247,64,Available
INV-00450,PRD-0450,WH-004,8,95,Low Stock
INV-00451,PRD-0451,WH-001,272,25,Available
INV-00452,PRD-0452,WH-005,210,27,Available
INV-00453,PRD-0453,WH-001,8,47,Low Stock
INV-00454,PRD-0454,WH-005,140,57,Available
INV-00455,PRD-0455,WH-005,146,83,Available
INV-00456,PRD-0456,WH-001,257,36,Available
INV-00457,PRD-0457,WH-004,91,84,Available
INV-00458,PRD-0458,WH-001,49,29,Available
INV-00459,PRD-0459,WH-005,76,75,Available
INV-00460,PRD-0460,WH-002,98,60,Available
INV-00461,PRD-0461,WH-005,269,71,Available
INV-00462,PRD-0462,WH-003,181,57,Available
INV-00463,PRD-0463,WH-003,203,61,Available
INV-00464,PRD-0464,WH-001,191,78,Available
INV-00465,PRD-0465,WH-004,235,31,Available
INV-00466,PRD-0466,WH-005,124,51,Available
INV-00467,PRD-0467,WH-002,153,87,Available
INV-00468,PRD-0468,WH-001,16,63,Low Stock
INV-00469,PRD-0469,WH-001,207,29,Available
INV-00470,PRD-0470,WH-004,193,87,Available
INV-00471,PRD-0471,WH-005,243,64,Available
INV-00472,PRD-0472,WH-001,4,50,Low Stock
INV-00473,PRD-0473,WH-002,42,45,Low Stock
INV-00474,PRD-0474,WH-004,222,29,Available
INV-00475,PRD-0475,WH-003,289,79,Available
INV-00476,PRD-0476,WH-001,270,77,Available
INV-00477,PRD-0477,WH-001,117,99,Available
INV-00478,PRD-0478,WH-002,290,39,Available
INV-00479,PRD-0479,WH-004,138,76,Available
INV-00480,PRD-0480,WH-001,38,95,Low Stock
INV-00481,PRD-0481,WH-003,278,29,Available
INV-00482,PRD-0482,WH-005,16,24,Low Stock
INV-00483,PRD-0483,WH-002,161,29,Available
INV-00484,PRD-0484,WH-001,106,98,Available
INV-00485,PRD-0485,WH-005,73,79,Low Stock
INV-00486,PRD-0486,WH-004,39,77,Low Stock
INV-00487,PRD-0487,WH-003,83,44,Available
INV-00488,PRD-0488,WH-005,123,84,Available
INV-00489,PRD-0489,WH-005,199,77,Available
INV-00490,PRD-0490,WH-005,169,30,Available
INV-00491,PRD-0491,WH-004,71,25,Available
INV-00492,PRD-0492,WH-001,256,76,Available
INV-00493,PRD-0493,WH-003,27,40,Low Stock
INV-00494,PRD-0494,WH-001,223,69,Available
INV-00495,PRD-0495,WH-002,38,96,Low Stock
INV-00496,PRD-0496,WH-003,203,28,Available
INV-00497,PRD-0497,WH-003,15,69,Low Stock
INV-00498,PRD-0498,WH-003,230,39,Available
INV-00499,PRD-0499,WH-004,116,38,Available
INV-00500,PRD-0500,WH-003,283,70,Available
