product_id,product_name,category,unit_cost,selling_price,reorder_level
PRD-0001,Product 1,Electronics,3233.19,4203.15,55
PRD-0002,Product 2,Packaging,1299.97,1689.96,33
PRD-0003,Product 3,Safety Equipment,3415.83,4440.58,31
PRD-0004,Product 4,Electronics,2993.41,3891.43,23
PRD-0005,Product 5,Packaging,559.11,726.84,84
PRD-0006,Product 6,Safety Equipment,3049.89,3964.86,45
PRD-0007,Product 7,Safety Equipment,3608.5,4691.05,73
PRD-0008,Product 8,Safety Equipment,1180.16,1534.21,55
PRD-0009,Product 9,Electronics,4066.21,5286.07,40
PRD-0010,Product 10,Industrial Parts,3520.88,4577.14,55
PRD-0011,Product 11,Industrial Parts,861.85,1120.4,33
PRD-0012,Product 12,Electronics,554.45,720.79,65
PRD-0013,Product 13,Safety Equipment,4252.72,5528.54,53
PRD-0014,Product 14,Office Supplies,4054.93,5271.41,88
PRD-0015,Product 15,Office Supplies,711.65,925.14,30
PRD-0016,Product 16,Safety Equipment,2805.0,3646.5,66
PRD-0017,Product 17,Electronics,2929.03,3807.74,25
PRD-0018,Product 18,Industrial Parts,3340.19,4342.25,30
PRD-0019,Product 19,Electronics,4291.06,5578.38,68
PRD-0020,Product 20,Industrial Parts,1462.07,1900.69,40
PRD-0021,Product 21,Packaging,1913.89,2488.06,54
PRD-0022,Product 22,Electronics,3538.92,4600.6,97
PRD-0023,Product 23,Safety Equipment,3211.39,4174.81,51
PRD-0024,Product 24,Office Supplies,900.67,1170.87,54
PRD-0025,Product 25,Safety Equipment,4948.66,6433.26,48
PRD-0026,Product 26,Electronics,3454.61,4490.99,49
PRD-0027,Product 27,Industrial Parts,4126.83,5364.88,71
PRD-0028,Product 28,Packaging,1411.93,1835.51,92
PRD-0029,Product 29,Industrial Parts,4394.2,5712.46,47
PRD-0030,Product 30,Office Supplies,3311.65,4305.15,78
PRD-0031,Product 31,Packaging,800.07,1040.09,51
PRD-0032,Product 32,Safety Equipment,3750.45,4875.59,53
PRD-0033,Product 33,Office Supplies,3760.37,4888.48,94
PRD-0034,Product 34,Packaging,2057.06,2674.18,37
PRD-0035,Product 35,Electronics,2596.68,3375.68,26
PRD-0036,Product 36,Packaging,4319.4,5615.22,100
PRD-0037,Product 37,Office Supplies,883.91,1149.08,96
PRD-0038,Product 38,Office Supplies,411.29,534.68,96
PRD-0039,Product 39,Safety Equipment,4980.99,6475.29,52
PRD-0040,Product 40,Electronics,4858.28,6315.76,34
PRD-0041,Product 41,Safety Equipment,3440.38,4472.49,54
PRD-0042,Product 42,Industrial Parts,3866.13,5025.97,34
PRD-0043,Product 43,Packaging,1538.15,1999.6,78
PRD-0044,Product 44,Industrial Parts,115.9,150.67,84
PRD-0045,Product 45,Safety Equipment,3833.61,4983.69,33
PRD-0046,Product 46,Industrial Parts,4365.54,5675.2,84
PRD-0047,Product 47,Packaging,3083.95,4009.13,67
PRD-0048,Product 48,Safety Equipment,3836.3,4987.19,87
PRD-0049,Product 49,Safety Equipment,4600.62,5980.81,61
PRD-0050,Product 50,Electronics,2494.17,3242.42,66
PRD-0051,Product 51,Industrial Parts,4405.74,5727.46,50
PRD-0052,Product 52,Safety Equipment,383.83,498.98,30
PRD-0053,Product 53,Office Supplies,519.7,675.61,28
PRD-0054,Product 54,Safety Equipment,4892.12,6359.76,36
PRD-0055,Product 55,Office Supplies,729.12,947.86,90
PRD-0056,Product 56,Safety Equipment,909.12,1181.86,97
PRD-0057,Product 57,Packaging,2173.38,2825.39,89
PRD-0058,Product 58,Packaging,3800.8,4941.04,59
PRD-0059,Product 59,Industrial Parts,2055.06,2671.58,76
PRD-0060,Product 60,Office Supplies,4508.11,5860.54,35
PRD-0061,Product 61,Electronics,1314.74,1709.16,63
PRD-0062,Product 62,Safety Equipment,203.07,263.99,49
PRD-0063,Product 63,Electronics,2983.36,3878.37,29
PRD-0064,Product 64,Electronics,3568.42,4638.95,49
PRD-0065,Product 65,Electronics,430.26,559.34,62
PRD-0066,Product 66,Packaging,447.2,581.36,55
PRD-0067,Product 67,Packaging,3377.99,4391.39,89
PRD-0068,Product 68,Safety Equipment,748.33,972.83,93
PRD-0069,Product 69,Office Supplies,2416.09,3140.92,72
PRD-0070,Product 70,Electronics,1033.01,1342.91,75
PRD-0071,Product 71,Office Supplies,1836.06,2386.88,79
PRD-0072,Product 72,Electronics,4332.8,5632.64,32
PRD-0073,Product 73,Industrial Parts,397.0,516.1,33
PRD-0074,Product 74,Packaging,1318.42,1713.95,88
PRD-0075,Product 75,Office Supplies,2298.21,2987.67,43
PRD-0076,Product 76,Packaging,1464.87,1904.33,29
PRD-0077,Product 77,Safety Equipment,2271.34,2952.74,32
PRD-0078,Product 78,Safety Equipment,347.88,452.24,21
PRD-0079,Product 79,Packaging,4848.08,6302.5,41
PRD-0080,Product 80,Office Supplies,2091.43,2718.86,47
PRD-0081,Product 81,Electronics,4336.79,5637.83,41
PRD-0082,Product 82,Office Supplies,1956.97,2544.06,53
PRD-0083,Product 83,Office Supplies,4639.94,6031.92,56
PRD-0084,Product 84,Safety Equipment,2172.74,2824.56,82
PRD-0085,Product 85,Industrial Parts,858.5,1116.05,47
PRD-0086,Product 86,Safety Equipment,4846.68,6300.68,89
PRD-0087,Product 87,Industrial Parts,398.69,518.3,27
PRD-0088,Product 88,Office Supplies,345.7,449.41,84
PRD-0089,Product 89,Safety Equipment,4605.0,5986.5,40
PRD-0090,Product 90,Safety Equipment,378.71,492.32,30
PRD-0091,Product 91,Electronics,4271.58,5553.05,96
PRD-0092,Product 92,Packaging,433.01,562.91,71
PRD-0093,Product 93,Safety Equipment,687.44,893.67,51
PRD-0094,Product 94,Electronics,2936.7,3817.71,99
PRD-0095,Product 95,Safety Equipment,501.72,652.24,92
PRD-0096,Product 96,Industrial Parts,2661.64,3460.13,46
PRD-0097,Product 97,Industrial Parts,3381.66,4396.16,50
PRD-0098,Product 98,Packaging,1401.51,1821.96,58
PRD-0099,Product 99,Electronics,2340.4,3042.52,21
PRD-0100,Product 100,Safety Equipment,2345.6,3049.28,32
PRD-0101,Product 101,Packaging,458.98,596.67,84
PRD-0102,Product 102,Industrial Parts,1399.48,1819.32,28
PRD-0103,Product 103,Industrial Parts,4408.42,5730.95,56
PRD-0104,Product 104,Safety Equipment,872.96,1134.85,58
PRD-0105,Product 105,Safety Equipment,3097.22,4026.39,21
PRD-0106,Product 106,Safety Equipment,3372.53,4384.29,58
PRD-0107,Product 107,Electronics,4665.6,6065.28,37
PRD-0108,Product 108,Electronics,1395.88,1814.64,90
PRD-0109,Product 109,Industrial Parts,861.69,1120.2,97
PRD-0110,Product 110,Industrial Parts,1132.09,1471.72,46
PRD-0111,Product 111,Industrial Parts,3468.74,4509.36,84
PRD-0112,Product 112,Electronics,2493.81,3241.95,31
PRD-0113,Product 113,Industrial Parts,3207.99,4170.39,25
PRD-0114,Product 114,Packaging,117.37,152.58,53
PRD-0115,Product 115,Office Supplies,891.75,1159.28,90
PRD-0116,Product 116,Safety Equipment,3557.77,4625.1,21
PRD-0117,Product 117,Packaging,648.18,842.63,89
PRD-0118,Product 118,Industrial Parts,276.54,359.5,94
PRD-0119,Product 119,Office Supplies,2807.37,3649.58,36
PRD-0120,Product 120,Industrial Parts,304.96,396.45,25
PRD-0121,Product 121,Packaging,4504.73,5856.15,51
PRD-0122,Product 122,Industrial Parts,3367.97,4378.36,91
PRD-0123,Product 123,Office Supplies,4432.26,5761.94,99
PRD-0124,Product 124,Packaging,3772.44,4904.17,40
PRD-0125,Product 125,Packaging,4883.41,6348.43,72
PRD-0126,Product 126,Industrial Parts,221.45,287.88,72
PRD-0127,Product 127,Packaging,4030.95,5240.23,54
PRD-0128,Product 128,Electronics,880.07,1144.09,68
PRD-0129,Product 129,Office Supplies,4373.62,5685.71,48
PRD-0130,Product 130,Office Supplies,1077.91,1401.28,64
PRD-0131,Product 131,Packaging,1595.44,2074.07,48
PRD-0132,Product 132,Packaging,215.96,280.75,71
PRD-0133,Product 133,Electronics,1708.48,2221.02,55
PRD-0134,Product 134,Safety Equipment,1820.62,2366.81,71
PRD-0135,Product 135,Safety Equipment,3429.64,4458.53,62
PRD-0136,Product 136,Electronics,4702.26,6112.94,53
PRD-0137,Product 137,Industrial Parts,974.98,1267.47,24
PRD-0138,Product 138,Office Supplies,631.17,820.52,64
PRD-0139,Product 139,Industrial Parts,3669.87,4770.83,75
PRD-0140,Product 140,Safety Equipment,3070.42,3991.55,34
PRD-0141,Product 141,Safety Equipment,1987.46,2583.7,44
PRD-0142,Product 142,Office Supplies,1348.14,1752.58,20
PRD-0143,Product 143,Safety Equipment,2647.61,3441.89,45
PRD-0144,Product 144,Electronics,1884.69,2450.1,62
PRD-0145,Product 145,Electronics,3153.46,4099.5,58
PRD-0146,Product 146,Office Supplies,2584.9,3360.37,61
PRD-0147,Product 147,Industrial Parts,2071.76,2693.29,90
PRD-0148,Product 148,Office Supplies,723.71,940.82,68
PRD-0149,Product 149,Packaging,3418.86,4444.52,98
PRD-0150,Product 150,Office Supplies,2888.62,3755.21,90
PRD-0151,Product 151,Industrial Parts,4185.25,5440.82,56
PRD-0152,Product 152,Safety Equipment,1129.9,1468.87,97
PRD-0153,Product 153,Office Supplies,3308.06,4300.48,76
PRD-0154,Product 154,Packaging,2266.58,2946.55,85
PRD-0155,Product 155,Packaging,2418.61,3144.19,30
PRD-0156,Product 156,Safety Equipment,1490.55,1937.71,62
PRD-0157,Product 157,Packaging,557.6,724.88,59
PRD-0158,Product 158,Packaging,1200.74,1560.96,38
PRD-0159,Product 159,Packaging,219.68,285.58,80
PRD-0160,Product 160,Electronics,3095.24,4023.81,78
PRD-0161,Product 161,Safety Equipment,2130.76,2769.99,44
PRD-0162,Product 162,Office Supplies,3619.89,4705.86,83
PRD-0163,Product 163,Packaging,2058.3,2675.79,20
PRD-0164,Product 164,Electronics,4474.03,5816.24,74
PRD-0165,Product 165,Safety Equipment,1172.32,1524.02,79
PRD-0166,Product 166,Packaging,346.07,449.89,35
PRD-0167,Product 167,Office Supplies,2336.66,3037.66,87
PRD-0168,Product 168,Safety Equipment,4940.67,6422.87,60
PRD-0169,Product 169,Office Supplies,4755.19,6181.75,98
PRD-0170,Product 170,Safety Equipment,4093.53,5321.59,74
PRD-0171,Product 171,Safety Equipment,4169.79,5420.73,77
PRD-0172,Product 172,Office Supplies,4496.32,5845.22,77
PRD-0173,Product 173,Packaging,1370.04,1781.05,55
PRD-0174,Product 174,Safety Equipment,3852.49,5008.24,82
PRD-0175,Product 175,Industrial Parts,3171.07,4122.39,76
PRD-0176,Product 176,Industrial Parts,479.67,623.57,50
PRD-0177,Product 177,Industrial Parts,1431.4,1860.82,89
PRD-0178,Product 178,Packaging,494.83,643.28,49
PRD-0179,Product 179,Packaging,1976.87,2569.93,47
PRD-0180,Product 180,Office Supplies,414.72,539.14,62
PRD-0181,Product 181,Office Supplies,2758.79,3586.43,27
PRD-0182,Product 182,Office Supplies,1113.49,1447.54,69
PRD-0183,Product 183,Safety Equipment,4533.71,5893.82,22
PRD-0184,Product 184,Safety Equipment,4297.99,5587.39,68
PRD-0185,Product 185,Industrial Parts,2437.2,3168.36,58
PRD-0186,Product 186,Office Supplies,3792.03,4929.64,88
PRD-0187,Product 187,Safety Equipment,3762.83,4891.68,97
PRD-0188,Product 188,Office Supplies,4499.28,5849.06,48
PRD-0189,Product 189,Office Supplies,1437.38,1868.59,23
PRD-0190,Product 190,Office Supplies,2005.4,2607.02,41
PRD-0191,Product 191,Packaging,4218.48,5484.02,99
PRD-0192,Product 192,Office Supplies,2717.21,3532.37,95
PRD-0193,Product 193,Electronics,2865.52,3725.18,30
PRD-0194,Product 194,Packaging,3249.47,4224.31,79
PRD-0195,Product 195,Industrial Parts,990.47,1287.61,68
PRD-0196,Product 196,Office Supplies,1704.03,2215.24,61
PRD-0197,Product 197,Office Supplies,1753.75,2279.88,55
PRD-0198,Product 198,Office Supplies,3784.85,4920.31,52
PRD-0199,Product 199,Office Supplies,4191.06,5448.38,22
PRD-0200,Product 200,Electronics,3770.22,4901.29,64
PRD-0201,Product 201,Electronics,1198.69,1558.3,25
PRD-0202,Product 202,Packaging,3795.74,4934.46,45
PRD-0203,Product 203,Safety Equipment,4212.22,5475.89,39
PRD-0204,Product 204,Office Supplies,1268.87,1649.53,34
PRD-0205,Product 205,Packaging,2863.45,3722.48,79
PRD-0206,Product 206,Industrial Parts,3527.38,4585.59,41
PRD-0207,Product 207,Electronics,3068.87,3989.53,40
PRD-0208,Product 208,Electronics,4827.13,6275.27,94
PRD-0209,Product 209,Industrial Parts,225.82,293.57,93
PRD-0210,Product 210,Office Supplies,3419.0,4444.7,70
PRD-0211,Product 211,Packaging,4713.21,6127.17,29
PRD-0212,Product 212,Packaging,3001.28,3901.66,33
PRD-0213,Product 213,Industrial Parts,3516.25,4571.12,96
PRD-0214,Product 214,Safety Equipment,4047.09,5261.22,25
PRD-0215,Product 215,Office Supplies,1801.3,2341.69,67
PRD-0216,Product 216,Industrial Parts,437.89,569.26,21
PRD-0217,Product 217,Office Supplies,4262.92,5541.8,33
PRD-0218,Product 218,Industrial Parts,2224.26,2891.54,78
PRD-0219,Product 219,Office Supplies,3565.81,4635.55,42
PRD-0220,Product 220,Industrial Parts,3695.6,4804.28,98
PRD-0221,Product 221,Safety Equipment,4060.18,5278.23,81
PRD-0222,Product 222,Safety Equipment,2377.88,3091.24,54
PRD-0223,Product 223,Packaging,1679.29,2183.08,31
PRD-0224,Product 224,Office Supplies,1466.75,1906.78,51
PRD-0225,Product 225,Safety Equipment,3777.33,4910.53,98
PRD-0226,Product 226,Industrial Parts,3374.12,4386.36,23
PRD-0227,Product 227,Industrial Parts,2522.1,3278.73,43
PRD-0228,Product 228,Industrial Parts,2488.99,3235.69,53
PRD-0229,Product 229,Safety Equipment,1767.66,2297.96,55
PRD-0230,Product 230,Safety Equipment,2823.38,3670.39,44
PRD-0231,Product 231,Office Supplies,519.5,675.35,82
PRD-0232,Product 232,Packaging,2820.36,3666.47,80
PRD-0233,Product 233,Office Supplies,3264.92,4244.4,77
PRD-0234,Product 234,Electronics,3985.37,5180.98,57
PRD-0235,Product 235,Packaging,1185.82,1541.57,59
PRD-0236,Product 236,Industrial Parts,3353.4,4359.42,80
PRD-0237,Product 237,Industrial Parts,2812.02,3655.63,74
PRD-0238,Product 238,Safety Equipment,4983.49,6478.54,62
PRD-0239,Product 239,Office Supplies,1823.87,2371.03,54
PRD-0240,Product 240,Packaging,1602.45,2083.18,35
PRD-0241,Product 241,Industrial Parts,3634.29,4724.58,35
PRD-0242,Product 242,Packaging,3740.12,4862.16,44
PRD-0243,Product 243,Office Supplies,1160.28,1508.36,55
PRD-0244,Product 244,Safety Equipment,3650.47,4745.61,96
PRD-0245,Product 245,Electronics,1486.69,1932.7,44
PRD-0246,Product 246,Industrial Parts,1551.61,2017.09,42
PRD-0247,Product 247,Safety Equipment,1581.11,2055.44,36
PRD-0248,Product 248,Electronics,1444.13,1877.37,90
PRD-0249,Product 249,Packaging,1531.47,1990.91,82
PRD-0250,Product 250,Electronics,602.68,783.48,93
PRD-0251,Product 251,Office Supplies,1493.26,1941.24,76
PRD-0252,Product 252,Electronics,1769.46,2300.3,52
PRD-0253,Product 253,Office Supplies,4711.21,6124.57,34
PRD-0254,Product 254,Office Supplies,4128.37,5366.88,82
PRD-0255,Product 255,Electronics,463.0,601.9,39
PRD-0256,Product 256,Safety Equipment,831.07,1080.39,58
PRD-0257,Product 257,Packaging,517.39,672.61,35
PRD-0258,Product 258,Office Supplies,2834.56,3684.93,97
PRD-0259,Product 259,Safety Equipment,3021.02,3927.33,48
PRD-0260,Product 260,Office Supplies,3900.9,5071.17,77
PRD-0261,Product 261,Industrial Parts,4551.67,5917.17,95
PRD-0262,Product 262,Industrial Parts,4951.15,6436.49,92
PRD-0263,Product 263,Safety Equipment,3143.03,4085.94,32
PRD-0264,Product 264,Packaging,4743.19,6166.15,100
PRD-0265,Product 265,Electronics,1134.02,1474.23,40
PRD-0266,Product 266,Safety Equipment,1275.34,1657.94,29
PRD-0267,Product 267,Office Supplies,867.01,1127.11,77
PRD-0268,Product 268,Office Supplies,3477.92,4521.3,57
PRD-0269,Product 269,Industrial Parts,259.94,337.92,56
PRD-0270,Product 270,Office Supplies,3544.64,4608.03,29
PRD-0271,Product 271,Industrial Parts,3468.19,4508.65,100
PRD-0272,Product 272,Packaging,2989.97,3886.96,74
PRD-0273,Product 273,Packaging,662.4,861.12,39
PRD-0274,Product 274,Packaging,4551.22,5916.59,29
PRD-0275,Product 275,Industrial Parts,392.23,509.9,96
PRD-0276,Product 276,Safety Equipment,3769.89,4900.86,56
PRD-0277,Product 277,Office Supplies,2251.85,2927.41,58
PRD-0278,Product 278,Industrial Parts,3528.7,4587.31,84
PRD-0279,Product 279,Office Supplies,2745.91,3569.68,30
PRD-0280,Product 280,Office Supplies,3030.38,3939.49,61
PRD-0281,Product 281,Electronics,3058.2,3975.66,31
PRD-0282,Product 282,Safety Equipment,1221.73,1588.25,95
PRD-0283,Product 283,Industrial Parts,4758.85,6186.51,93
PRD-0284,Product 284,Packaging,297.14,386.28,80
PRD-0285,Product 285,Office Supplies,2642.92,3435.8,55
PRD-0286,Product 286,Safety Equipment,989.3,1286.09,75
PRD-0287,Product 287,Office Supplies,3210.45,4173.59,31
PRD-0288,Product 288,Office Supplies,2403.05,3123.97,62
PRD-0289,Product 289,Electronics,1673.19,2175.15,40
PRD-0290,Product 290,Office Supplies,1716.04,2230.85,56
PRD-0291,Product 291,Office Supplies,3346.66,4350.66,90
PRD-0292,Product 292,Electronics,279.82,363.77,60
PRD-0293,Product 293,Electronics,1336.75,1737.78,71
PRD-0294,Product 294,Electronics,4338.06,5639.48,89
PRD-0295,Product 295,Electronics,2363.68,3072.78,44
PRD-0296,Product 296,Safety Equipment,2640.35,3432.45,83
PRD-0297,Product 297,Electronics,3164.5,4113.85,46
PRD-0298,Product 298,Packaging,1408.58,1831.15,56
PRD-0299,Product 299,Office Supplies,2246.77,2920.8,35
PRD-0300,Product 300,Safety Equipment,241.46,313.9,50
PRD-0301,Product 301,Industrial Parts,3577.94,4651.32,90
PRD-0302,Product 302,Office Supplies,167.0,217.1,31
PRD-0303,Product 303,Electronics,1201.03,1561.34,79
PRD-0304,Product 304,Packaging,4740.6,6162.78,83
PRD-0305,Product 305,Industrial Parts,4670.0,6071.0,85
PRD-0306,Product 306,Office Supplies,3556.52,4623.48,81
PRD-0307,Product 307,Packaging,4903.2,6374.16,78
PRD-0308,Product 308,Office Supplies,2801.2,3641.56,44
PRD-0309,Product 309,Safety Equipment,4617.15,6002.3,37
PRD-0310,Product 310,Industrial Parts,4333.73,5633.85,73
PRD-0311,Product 311,Safety Equipment,1765.39,2295.01,54
PRD-0312,Product 312,Industrial Parts,4120.69,5356.9,58
PRD-0313,Product 313,Safety Equipment,4203.63,5464.72,82
PRD-0314,Product 314,Office Supplies,4339.78,5641.71,88
PRD-0315,Product 315,Industrial Parts,2473.27,3215.25,90
PRD-0316,Product 316,Office Supplies,3838.08,4989.5,78
PRD-0317,Product 317,Packaging,4670.98,6072.27,50
PRD-0318,Product 318,Packaging,2901.81,3772.35,72
PRD-0319,Product 319,Office Supplies,313.87,408.03,68
PRD-0320,Product 320,Packaging,1991.79,2589.33,83
PRD-0321,Product 321,Packaging,4827.64,6275.93,84
PRD-0322,Product 322,Industrial Parts,4830.23,6279.3,32
PRD-0323,Product 323,Office Supplies,4383.53,5698.59,32
PRD-0324,Product 324,Office Supplies,2677.16,3480.31,21
PRD-0325,Product 325,Office Supplies,3639.97,4731.96,39
PRD-0326,Product 326,Industrial Parts,466.66,606.66,63
PRD-0327,Product 327,Office Supplies,3153.97,4100.16,30
PRD-0328,Product 328,Safety Equipment,4273.65,5555.74,68
PRD-0329,Product 329,Office Supplies,4775.28,6207.86,89
PRD-0330,Product 330,Electronics,275.91,358.68,50
PRD-0331,Product 331,Industrial Parts,3192.69,4150.5,49
PRD-0332,Product 332,Office Supplies,3759.16,4886.91,32
PRD-0333,Product 333,Electronics,3825.81,4973.55,76
PRD-0334,Product 334,Industrial Parts,915.19,1189.75,23
PRD-0335,Product 335,Electronics,325.36,422.97,57
PRD-0336,Product 336,Office Supplies,1856.47,2413.41,38
PRD-0337,Product 337,Office Supplies,1296.57,1685.54,92
PRD-0338,Product 338,Packaging,3440.82,4473.07,41
PRD-0339,Product 339,Safety Equipment,957.84,1245.19,68
PRD-0340,Product 340,Packaging,3136.58,4077.55,83
PRD-0341,Product 341,Packaging,4572.86,5944.72,49
PRD-0342,Product 342,Industrial Parts,2359.63,3067.52,78
PRD-0343,Product 343,Electronics,1351.1,1756.43,79
PRD-0344,Product 344,Safety Equipment,4515.93,5870.71,40
PRD-0345,Product 345,Industrial Parts,461.92,600.5,95
PRD-0346,Product 346,Office Supplies,1565.86,2035.62,52
PRD-0347,Product 347,Industrial Parts,2338.5,3040.05,45
PRD-0348,Product 348,Office Supplies,4996.93,6496.01,33
PRD-0349,Product 349,Safety Equipment,1262.31,1641.0,65
PRD-0350,Product 350,Industrial Parts,2916.58,3791.55,22
PRD-0351,Product 351,Office Supplies,4891.93,6359.51,55
PRD-0352,Product 352,Electronics,139.68,181.58,97
PRD-0353,Product 353,Industrial Parts,3751.34,4876.74,49
PRD-0354,Product 354,Industrial Parts,3074.62,3997.01,48
PRD-0355,Product 355,Safety Equipment,3219.43,4185.26,52
PRD-0356,Product 356,Packaging,3421.05,4447.37,100
PRD-0357,Product 357,Electronics,576.1,748.93,59
PRD-0358,Product 358,Electronics,3964.19,5153.45,94
PRD-0359,Product 359,Packaging,1887.82,2454.17,31
PRD-0360,Product 360,Industrial Parts,4557.18,5924.33,73
PRD-0361,Product 361,Packaging,960.64,1248.83,89
PRD-0362,Product 362,Industrial Parts,4394.66,5713.06,87
PRD-0363,Product 363,Industrial Parts,2558.79,3326.43,41
PRD-0364,Product 364,Office Supplies,1359.15,1766.9,57
PRD-0365,Product 365,Industrial Parts,3758.14,4885.58,34
PRD-0366,Product 366,Electronics,2394.82,3113.27,38
PRD-0367,Product 367,Packaging,3795.34,4933.94,70
PRD-0368,Product 368,Safety Equipment,4839.62,6291.51,66
PRD-0369,Product 369,Office Supplies,542.48,705.22,21
PRD-0370,Product 370,Electronics,1395.85,1814.61,78
PRD-0371,Product 371,Industrial Parts,1906.07,2477.89,94
PRD-0372,Product 372,Industrial Parts,1967.02,2557.13,33
PRD-0373,Product 373,Office Supplies,3406.7,4428.71,23
PRD-0374,Product 374,Safety Equipment,3135.78,4076.51,61
PRD-0375,Product 375,Packaging,4584.75,5960.18,28
PRD-0376,Product 376,Office Supplies,3213.48,4177.52,58
PRD-0377,Product 377,Electronics,3281.27,4265.65,37
PRD-0378,Product 378,Electronics,322.2,418.86,58
PRD-0379,Product 379,Electronics,4980.04,6474.05,32
PRD-0380,Product 380,Safety Equipment,1250.52,1625.68,37
PRD-0381,Product 381,Industrial Parts,2004.36,2605.67,89
PRD-0382,Product 382,Packaging,2153.72,2799.84,73
PRD-0383,Product 383,Office Supplies,3309.12,4301.86,98
PRD-0384,Product 384,Industrial Parts,2099.77,2729.7,24
PRD-0385,Product 385,Packaging,3482.38,4527.09,76
PRD-0386,Product 386,Packaging,2279.01,2962.71,66
PRD-0387,Product 387,Industrial Parts,586.84,762.89,89
PRD-0388,Product 388,Industrial Parts,4518.31,5873.8,27
PRD-0389,Product 389,Packaging,2050.88,2666.14,35
PRD-0390,Product 390,Office Supplies,4750.15,6175.19,31
PRD-0391,Product 391,Safety Equipment,3347.57,4351.84,22
PRD-0392,Product 392,Industrial Parts,347.83,452.18,51
PRD-0393,Product 393,Safety Equipment,4945.22,6428.79,46
PRD-0394,Product 394,Safety Equipment,436.19,567.05,46
PRD-0395,Product 395,Packaging,2973.28,3865.26,62
PRD-0396,Product 396,Safety Equipment,3894.41,5062.73,20
PRD-0397,Product 397,Packaging,1458.65,1896.25,36
PRD-0398,Product 398,Packaging,2747.06,3571.18,34
PRD-0399,Product 399,Electronics,3339.18,4340.93,36
PRD-0400,Product 400,Packaging,172.82,224.67,95
PRD-0401,Product 401,Packaging,1686.48,2192.42,53
PRD-0402,Product 402,Office Supplies,356.76,463.79,87
PRD-0403,Product 403,Electronics,656.88,853.94,80
PRD-0404,Product 404,Industrial Parts,2296.55,2985.52,85
PRD-0405,Product 405,Office Supplies,3008.96,3911.65,84
PRD-0406,Product 406,Safety Equipment,1185.59,1541.27,25
PRD-0407,Product 407,Safety Equipment,3663.49,4762.54,58
PRD-0408,Product 408,Electronics,2344.41,3047.73,27
PRD-0409,Product 409,Office Supplies,4993.08,6491.0,74
PRD-0410,Product 410,Office Supplies,3461.88,4500.44,76
PRD-0411,Product 411,Electronics,460.1,598.13,61
PRD-0412,Product 412,Electronics,3080.66,4004.86,36
PRD-0413,Product 413,Safety Equipment,1447.58,1881.85,90
PRD-0414,Product 414,Office Supplies,3589.55,4666.41,96
PRD-0415,Product 415,Office Supplies,2699.73,3509.65,84
PRD-0416,Product 416,Electronics,3066.59,3986.57,34
PRD-0417,Product 417,Safety Equipment,4278.68,5562.28,47
PRD-0418,Product 418,Packaging,2207.34,2869.54,72
PRD-0419,Product 419,Office Supplies,1760.76,2288.99,71
PRD-0420,Product 420,Electronics,2138.35,2779.86,60
PRD-0421,Product 421,Industrial Parts,2191.14,2848.48,67
PRD-0422,Product 422,Office Supplies,4772.6,6204.38,28
PRD-0423,Product 423,Electronics,547.0,711.1,31
PRD-0424,Product 424,Industrial Parts,2216.19,2881.05,36
PRD-0425,Product 425,Safety Equipment,2826.22,3674.09,91
PRD-0426,Product 426,Electronics,2852.25,3707.93,72
PRD-0427,Product 427,Office Supplies,1832.63,2382.42,26
PRD-0428,Product 428,Safety Equipment,4845.15,6298.69,59
PRD-0429,Product 429,Safety Equipment,1823.07,2369.99,84
PRD-0430,Product 430,Office Supplies,1142.42,1485.15,48
PRD-0431,Product 431,Industrial Parts,4251.65,5527.14,91
PRD-0432,Product 432,Industrial Parts,1901.05,2471.37,93
PRD-0433,Product 433,Office Supplies,1208.18,1570.63,91
PRD-0434,Product 434,Safety Equipment,4875.28,6337.86,98
PRD-0435,Product 435,Safety Equipment,3407.39,4429.61,23
PRD-0436,Product 436,Industrial Parts,3084.08,4009.3,23
PRD-0437,Product 437,Industrial Parts,984.04,1279.25,63
PRD-0438,Product 438,Packaging,1820.01,2366.01,38
PRD-0439,Product 439,Office Supplies,2874.97,3737.46,28
PRD-0440,Product 440,Electronics,795.19,1033.75,31
PRD-0441,Product 441,Packaging,3755.95,4882.73,68
PRD-0442,Product 442,Industrial Parts,2157.18,2804.33,40
PRD-0443,Product 443,Industrial Parts,1913.26,2487.24,92
PRD-0444,Product 444,Electronics,3021.5,3927.95,39
PRD-0445,Product 445,Safety Equipment,871.31,1132.7,26
PRD-0446,Product 446,Industrial Parts,3402.45,4423.18,76
PRD-0447,Product 447,Office Supplies,3343.5,4346.55,97
PRD-0448,Product 448,Industrial Parts,2266.02,2945.83,47
PRD-0449,Product 449,Electronics,3799.22,4938.99,64
PRD-0450,Product 450,Industrial Parts,2206.58,2868.55,95
PRD-0451,Product 451,Industrial Parts,2484.5,3229.85,25
PRD-0452,Product 452,Safety Equipment,1180.54,1534.7,27
PRD-0453,Product 453,Industrial Parts,137.67,178.97,47
PRD-0454,Product 454,Industrial Parts,3860.01,5018.01,57
PRD-0455,Product 455,Electronics,1707.8,2220.14,83
PRD-0456,Product 456,Packaging,3760.37,4888.48,36
PRD-0457,Product 457,Packaging,1963.02,2551.93,84
PRD-0458,Product 458,Industrial Parts,2837.75,3689.08,29
PRD-0459,Product 459,Electronics,2045.65,2659.35,75
PRD-0460,Product 460,Electronics,191.83,249.38,60
PRD-0461,Product 461,Safety Equipment,2921.22,3797.59,71
PRD-0462,Product 462,Office Supplies,3576.54,4649.5,57
PRD-0463,Product 463,Electronics,664.35,863.66,61
PRD-0464,Product 464,Safety Equipment,942.18,1224.83,78
PRD-0465,Product 465,Industrial Parts,4176.93,5430.01,31
PRD-0466,Product 466,Electronics,2239.89,2911.86,51
PRD-0467,Product 467,Office Supplies,2234.81,2905.25,87
PRD-0468,Product 468,Industrial Parts,485.37,630.98,63
PRD-0469,Product 469,Packaging,1185.7,1541.41,29
PRD-0470,Product 470,Electronics,2601.37,3381.78,87
PRD-0471,Product 471,Industrial Parts,2598.77,3378.4,64
PRD-0472,Product 472,Packaging,3664.16,4763.41,50
PRD-0473,Product 473,Industrial Parts,603.74,784.86,45
PRD-0474,Product 474,Packaging,950.15,1235.19,29
PRD-0475,Product 475,Office Supplies,968.02,1258.43,79
PRD-0476,Product 476,Safety Equipment,3796.78,4935.81,77
PRD-0477,Product 477,Safety Equipment,3437.55,4468.82,99
PRD-0478,Product 478,Industrial Parts,1683.72,2188.84,39
PRD-0479,Product 479,Office Supplies,2254.84,2931.29,76
PRD-0480,Product 480,Industrial Parts,3193.79,4151.93,95
PRD-0481,Product 481,Safety Equipment,375.24,487.81,29
PRD-0482,Product 482,Office Supplies,1621.0,2107.3,24
PRD-0483,Product 483,Industrial Parts,378.76,492.39,29
PRD-0484,Product 484,Electronics,3258.87,4236.53,98
PRD-0485,Product 485,Office Supplies,3010.99,3914.29,79
PRD-0486,Product 486,Electronics,2943.61,3826.69,77
PRD-0487,Product 487,Safety Equipment,4554.34,5920.64,44
PRD-0488,Product 488,Office Supplies,1675.48,2178.12,84
PRD-0489,Product 489,Electronics,839.22,1090.99,77
PRD-0490,Product 490,Industrial Parts,607.16,789.31,30
PRD-0491,Product 491,Packaging,2572.29,3343.98,25
PRD-0492,Product 492,Office Supplies,1313.94,1708.12,76
PRD-0493,Product 493,Safety Equipment,2667.94,3468.32,40
PRD-0494,Product 494,Industrial Parts,1883.1,2448.03,69
PRD-0495,Product 495,Industrial Parts,2102.97,2733.86,96
PRD-0496,Product 496,Industrial Parts,356.59,463.57,28
PRD-0497,Product 497,Safety Equipment,1715.48,2230.12,69
PRD-0498,Product 498,Safety Equipment,1492.32,1940.02,39
PRD-0499,Product 499,Safety Equipment,1733.47,2253.51,38
PRD-0500,Product 500,Industrial Parts,4592.06,5969.68,70
