po_id,created_date,product_id,supplier_id,warehouse_id,quantity,unit_cost,total_cost,expected_delivery_date,status,requested_by
PO-00001,2025-04-17,PRD-0271,SUP-014,WH-003,100,2979.53,297953.0,2025-04-28,Cancelled,USR-005
PO-00002,2025-10-05,PRD-0128,SUP-040,WH-001,200,1006.67,201334.0,2025-10-10,Draft,USR-013
PO-00003,2026-08-22,PRD-0276,SUP-026,WH-003,100,3906.96,390696.0,2026-09-07,Ordered,USR-018
PO-00004,2026-03-07,PRD-0138,SUP-017,WH-003,10,688.69,6886.9,2026-03-25,Cancelled,USR-012
PO-00005,2025-05-10,PRD-0312,SUP-045,WH-002,100,3701.03,370103.0,2025-05-25,Draft,USR-009
PO-00006,2026-08-14,PRD-0102,SUP-027,WH-004,10,1316.69,13166.9,2026-09-08,Cancelled,USR-014
PO-00007,2025-09-23,PRD-0306,SUP-006,WH-002,100,3283.83,328383.0,2025-10-18,Ordered,USR-005
PO-00008,2025-02-28,PRD-0147,SUP-027,WH-002,20,1886.52,37730.4,2025-03-25,Pending Approval,USR-001
PO-00009,2025-10-06,PRD-0482,SUP-010,WH-003,100,1542.54,154254.0,2025-10-17,Partially Received,USR-014
PO-00010,2025-10-23,PRD-0249,SUP-047,WH-003,10,1571.9,15719.0,2025-11-05,Cancelled,USR-014
PO-00011,2025-09-14,PRD-0302,SUP-050,WH-004,100,146.31,14631.0,2025-09-28,Draft,USR-005
PO-00012,2026-01-19,PRD-0123,SUP-031,WH-004,100,4087.13,408713.0,2026-01-27,Pending Approval,USR-004
PO-00013,2026-03-17,PRD-0004,SUP-012,WH-005,50,3405.53,170276.5,2026-04-03,Draft,USR-009
PO-00014,2025-03-21,PRD-0449,SUP-027,WH-003,20,3760.17,75203.4,2025-04-15,Partially Received,USR-005
PO-00015,2025-02-14,PRD-0012,SUP-047,WH-005,20,583.7,11674.0,2025-02-27,Partially Received,USR-009
PO-00016,2025-05-09,PRD-0302,SUP-008,WH-001,10,149.36,1493.6,2025-06-01,Partially Received,USR-016
PO-00017,2026-06-12,PRD-0465,SUP-019,WH-004,10,4550.38,45503.8,2026-07-03,Pending Approval,USR-010
PO-00018,2026-02-13,PRD-0220,SUP-043,WH-002,100,4062.86,406286.0,2026-02-20,Ordered,USR-005
PO-00019,2026-09-14,PRD-0063,SUP-009,WH-002,200,2562.76,512552.0,2026-09-27,Received,USR-011
PO-00020,2026-02-21,PRD-0310,SUP-024,WH-004,10,4015.76,40157.6,2026-02-24,Cancelled,USR-004
PO-00021,2024-12-31,PRD-0095,SUP-029,WH-001,10,511.33,5113.3,2025-01-11,Cancelled,USR-011
PO-00022,2025-10-26,PRD-0075,SUP-005,WH-003,200,2461.62,492324.0,2025-11-18,Partially Received,USR-005
PO-00023,2026-03-24,PRD-0167,SUP-016,WH-001,10,2504.89,25048.9,2026-04-12,Approved,USR-015
PO-00024,2025-03-26,PRD-0240,SUP-038,WH-004,200,1461.11,292222.0,2025-03-29,Approved,USR-019
PO-00025,2024-12-27,PRD-0457,SUP-009,WH-004,200,1991.75,398350.0,2025-01-09,Pending Approval,USR-017
PO-00026,2024-12-13,PRD-0240,SUP-009,WH-005,50,1442.0,72100.0,2024-12-26,Pending Approval,USR-018
PO-00027,2026-04-30,PRD-0225,SUP-039,WH-002,50,3293.05,164652.5,2026-05-13,Approved,USR-015
PO-00028,2026-05-04,PRD-0303,SUP-005,WH-004,100,1363.16,136316.0,2026-05-27,Draft,USR-008
PO-00029,2024-12-11,PRD-0360,SUP-015,WH-003,100,4789.74,478974.0,2024-12-16,Pending Approval,USR-007
PO-00030,2026-09-03,PRD-0247,SUP-035,WH-005,20,1449.69,28993.8,2026-09-18,Cancelled,USR-015
PO-00031,2025-09-27,PRD-0230,SUP-015,WH-003,50,3011.05,150552.5,2025-10-02,Cancelled,USR-020
PO-00032,2025-10-12,PRD-0247,SUP-031,WH-001,10,1430.88,14308.8,2025-10-20,Draft,USR-002
PO-00033,2025-03-13,PRD-0014,SUP-015,WH-002,50,4283.91,214195.5,2025-03-18,Ordered,USR-017
PO-00034,2025-06-28,PRD-0260,SUP-026,WH-004,20,3400.25,68005.0,2025-07-14,Received,USR-018
PO-00035,2026-03-31,PRD-0113,SUP-018,WH-003,10,3192.37,31923.7,2026-04-12,Partially Received,USR-013
PO-00036,2025-08-23,PRD-0202,SUP-044,WH-002,100,3239.86,323986.0,2025-09-10,Received,USR-016
PO-00037,2025-12-25,PRD-0332,SUP-021,WH-002,20,3789.41,75788.2,2026-01-01,Partially Received,USR-007
PO-00038,2025-06-27,PRD-0482,SUP-010,WH-001,50,1542.54,77127.0,2025-07-08,Ordered,USR-007
PO-00039,2025-03-19,PRD-0399,SUP-019,WH-005,10,3568.41,35684.1,2025-04-09,Pending Approval,USR-013
PO-00040,2024-10-18,PRD-0116,SUP-016,WH-004,20,4069.92,81398.4,2024-11-06,Ordered,USR-015
PO-00041,2024-12-26,PRD-0204,SUP-031,WH-002,50,1230.81,61540.5,2025-01-03,Ordered,USR-016
PO-00042,2025-06-20,PRD-0137,SUP-005,WH-004,100,944.49,94449.0,2025-07-13,Ordered,USR-004
PO-00043,2025-04-12,PRD-0198,SUP-002,WH-003,10,4039.35,40393.5,2025-04-16,Partially Received,USR-017
PO-00044,2025-06-07,PRD-0408,SUP-050,WH-005,10,2612.77,26127.7,2025-06-21,Draft,USR-010
PO-00045,2026-06-20,PRD-0369,SUP-033,WH-005,20,521.37,10427.4,2026-07-06,Received,USR-016
PO-00046,2025-01-31,PRD-0340,SUP-048,WH-005,200,3325.66,665132.0,2025-02-15,Draft,USR-002
PO-00047,2025-03-16,PRD-0476,SUP-036,WH-003,20,4191.95,83839.0,2025-03-24,Partially Received,USR-004
PO-00048,2025-12-10,PRD-0346,SUP-031,WH-002,50,1542.18,77109.0,2025-12-18,Pending Approval,USR-013
PO-00049,2025-05-01,PRD-0137,SUP-047,WH-003,100,853.7,85370.0,2025-05-14,Approved,USR-001
PO-00050,2024-10-02,PRD-0213,SUP-035,WH-002,100,4026.09,402609.0,2024-10-17,Pending Approval,USR-007
PO-00051,2025-09-01,PRD-0460,SUP-044,WH-003,100,187.11,18711.0,2025-09-19,Draft,USR-012
PO-00052,2025-08-21,PRD-0082,SUP-019,WH-004,20,1756.52,35130.4,2025-09-11,Cancelled,USR-001
PO-00053,2025-10-05,PRD-0099,SUP-014,WH-001,50,2524.16,126208.0,2025-10-16,Draft,USR-018
PO-00054,2024-10-02,PRD-0052,SUP-027,WH-005,20,354.11,7082.2,2024-10-27,Partially Received,USR-011
PO-00055,2026-04-05,PRD-0364,SUP-019,WH-005,200,1211.08,242216.0,2026-04-26,Pending Approval,USR-006
PO-00056,2024-11-14,PRD-0047,SUP-043,WH-004,200,2836.31,567262.0,2024-11-21,Partially Received,USR-015
PO-00057,2026-02-08,PRD-0382,SUP-042,WH-004,10,2234.04,22340.4,2026-02-19,Draft,USR-020
PO-00058,2024-11-08,PRD-0155,SUP-026,WH-002,200,2602.34,520468.0,2024-11-24,Cancelled,USR-011
PO-00059,2025-08-01,PRD-0433,SUP-016,WH-001,100,1148.03,114803.0,2025-08-20,Ordered,USR-015
PO-00060,2026-07-25,PRD-0382,SUP-027,WH-001,200,1878.2,375640.0,2026-08-19,Cancelled,USR-017
PO-00061,2026-08-28,PRD-0075,SUP-003,WH-002,20,1970.85,39417.0,2026-09-11,Ordered,USR-011
PO-00062,2025-02-27,PRD-0067,SUP-002,WH-005,20,3160.03,63200.6,2025-03-03,Draft,USR-009
PO-00063,2026-02-09,PRD-0229,SUP-043,WH-003,50,1695.69,84784.5,2026-02-16,Partially Received,USR-014
PO-00064,2025-02-26,PRD-0208,SUP-014,WH-004,200,4989.3,997860.0,2025-03-09,Approved,USR-007
PO-00065,2024-12-22,PRD-0214,SUP-044,WH-002,10,4249.21,42492.1,2025-01-09,Partially Received,USR-013
PO-00066,2026-04-26,PRD-0197,SUP-017,WH-005,10,1915.91,19159.1,2026-05-14,Received,USR-018
PO-00067,2025-05-19,PRD-0159,SUP-030,WH-001,200,214.91,42982.0,2025-06-05,Ordered,USR-018
PO-00068,2025-10-09,PRD-0200,SUP-034,WH-002,10,4312.14,43121.4,2025-10-23,Cancelled,USR-018
PO-00069,2025-04-27,PRD-0035,SUP-027,WH-004,100,2475.88,247588.0,2025-05-22,Partially Received,USR-009
PO-00070,2026-08-16,PRD-0141,SUP-037,WH-005,200,2238.33,447666.0,2026-08-22,Partially Received,USR-004
PO-00071,2026-03-16,PRD-0465,SUP-019,WH-003,50,4550.38,227519.0,2026-04-06,Cancelled,USR-015
PO-00072,2025-06-27,PRD-0130,SUP-008,WH-002,50,981.94,49097.0,2025-07-20,Draft,USR-019
PO-00073,2025-12-04,PRD-0242,SUP-001,WH-001,20,3691.16,73823.2,2025-12-10,Pending Approval,USR-012
PO-00074,2025-01-16,PRD-0315,SUP-014,WH-001,100,2572.77,257277.0,2025-01-27,Approved,USR-009
PO-00075,2026-09-03,PRD-0219,SUP-031,WH-002,10,3040.94,30409.4,2026-09-11,Partially Received,USR-014
PO-00076,2024-11-08,PRD-0080,SUP-045,WH-005,10,1943.54,19435.4,2024-11-23,Approved,USR-015
PO-00077,2026-05-13,PRD-0413,SUP-024,WH-001,10,1569.12,15691.2,2026-05-16,Cancelled,USR-017
PO-00078,2025-09-17,PRD-0284,SUP-002,WH-002,20,309.35,6187.0,2025-09-21,Cancelled,USR-016
PO-00079,2025-04-26,PRD-0425,SUP-049,WH-001,10,2800.2,28002.0,2025-05-14,Approved,USR-006
PO-00080,2026-03-04,PRD-0058,SUP-019,WH-002,200,4349.94,869988.0,2026-03-25,Draft,USR-008
PO-00081,2025-01-09,PRD-0401,SUP-035,WH-005,200,1833.52,366704.0,2025-01-24,Draft,USR-017
PO-00082,2025-06-12,PRD-0368,SUP-030,WH-004,50,4939.73,246986.5,2025-06-29,Received,USR-014
PO-00083,2026-03-22,PRD-0369,SUP-039,WH-002,200,587.24,117448.0,2026-04-04,Draft,USR-010
PO-00084,2025-08-13,PRD-0441,SUP-030,WH-005,100,3470.37,347037.0,2025-08-30,Pending Approval,USR-010
PO-00085,2026-09-03,PRD-0063,SUP-009,WH-003,20,2562.76,51255.2,2026-09-16,Draft,USR-007
PO-00086,2025-08-30,PRD-0332,SUP-017,WH-005,200,3507.96,701592.0,2025-09-17,Partially Received,USR-004
PO-00087,2025-09-14,PRD-0218,SUP-023,WH-001,20,2379.6,47592.0,2025-09-21,Received,USR-008
PO-00088,2025-06-14,PRD-0391,SUP-021,WH-003,50,3388.94,169447.0,2025-06-21,Partially Received,USR-009
PO-00089,2025-10-30,PRD-0398,SUP-045,WH-002,200,2927.0,585400.0,2025-11-14,Pending Approval,USR-018
PO-00090,2025-11-18,PRD-0007,SUP-023,WH-005,200,3467.24,693448.0,2025-11-25,Draft,USR-015
PO-00091,2025-06-16,PRD-0356,SUP-040,WH-001,50,3668.64,183432.0,2025-06-21,Draft,USR-017
PO-00092,2026-03-23,PRD-0303,SUP-010,WH-002,10,1240.87,12408.7,2026-04-03,Cancelled,USR-004
PO-00093,2025-06-16,PRD-0025,SUP-037,WH-002,20,5108.7,102174.0,2025-06-22,Approved,USR-006
PO-00094,2024-12-06,PRD-0207,SUP-028,WH-001,200,2649.17,529834.0,2024-12-15,Approved,USR-006
PO-00095,2024-10-21,PRD-0122,SUP-002,WH-005,10,3466.35,34663.5,2024-10-25,Draft,USR-002
PO-00096,2025-02-15,PRD-0435,SUP-032,WH-003,20,3026.59,60531.8,2025-03-07,Partially Received,USR-006
PO-00097,2026-04-27,PRD-0046,SUP-015,WH-005,100,3858.28,385828.0,2026-05-02,Pending Approval,USR-016
PO-00098,2026-06-06,PRD-0420,SUP-020,WH-002,200,2190.03,438006.0,2026-06-20,Ordered,USR-009
PO-00099,2025-10-15,PRD-0021,SUP-008,WH-003,10,1770.4,17704.0,2025-11-07,Pending Approval,USR-005
PO-00100,2026-01-01,PRD-0377,SUP-026,WH-004,10,2982.49,29824.9,2026-01-17,Received,USR-020
PO-00101,2025-10-19,PRD-0001,SUP-036,WH-003,20,2919.57,58391.4,2025-10-27,Ordered,USR-005
PO-00102,2026-05-01,PRD-0303,SUP-010,WH-003,10,1240.87,12408.7,2026-05-12,Received,USR-010
PO-00103,2026-01-03,PRD-0364,SUP-019,WH-005,200,1211.08,242216.0,2026-01-24,Partially Received,USR-006
PO-00104,2025-04-05,PRD-0205,SUP-013,WH-003,200,3058.96,611792.0,2025-04-11,Received,USR-002
PO-00105,2025-03-31,PRD-0450,SUP-040,WH-005,20,2389.07,47781.4,2025-04-05,Approved,USR-020
PO-00106,2024-10-07,PRD-0126,SUP-024,WH-001,10,254.57,2545.7,2024-10-10,Cancelled,USR-006
PO-00107,2025-06-27,PRD-0079,SUP-040,WH-002,100,4935.85,493585.0,2025-07-02,Pending Approval,USR-010
PO-00108,2024-11-30,PRD-0208,SUP-014,WH-005,20,4989.3,99786.0,2024-12-11,Pending Approval,USR-017
PO-00109,2025-05-21,PRD-0415,SUP-044,WH-004,200,2383.96,476792.0,2025-06-08,Received,USR-002
PO-00110,2025-12-29,PRD-0027,SUP-015,WH-005,20,4647.03,92940.6,2026-01-03,Received,USR-007
PO-00111,2025-11-08,PRD-0407,SUP-038,WH-003,100,3239.22,323922.0,2025-11-11,Partially Received,USR-012
PO-00112,2025-10-21,PRD-0174,SUP-019,WH-001,50,3925.36,196268.0,2025-11-11,Ordered,USR-001
PO-00113,2025-09-29,PRD-0119,SUP-002,WH-005,200,2932.86,586572.0,2025-10-03,Approved,USR-007
PO-00114,2024-11-09,PRD-0099,SUP-017,WH-004,20,2126.09,42521.8,2024-11-27,Cancelled,USR-005
PO-00115,2025-07-25,PRD-0394,SUP-017,WH-002,20,388.01,7760.2,2025-08-12,Pending Approval,USR-019
PO-00116,2024-10-06,PRD-0285,SUP-040,WH-003,200,2314.28,462856.0,2024-10-11,Approved,USR-020
PO-00117,2026-06-27,PRD-0165,SUP-040,WH-004,10,1295.64,12956.4,2026-07-02,Cancelled,USR-009
PO-00118,2026-05-22,PRD-0052,SUP-020,WH-002,50,414.06,20703.0,2026-06-05,Cancelled,USR-019
PO-00119,2024-12-15,PRD-0486,SUP-047,WH-001,20,2671.25,53425.0,2024-12-28,Cancelled,USR-001
PO-00120,2025-09-06,PRD-0242,SUP-017,WH-005,200,4061.26,812252.0,2025-09-24,Received,USR-014
PO-00121,2026-08-20,PRD-0451,SUP-028,WH-001,20,2549.61,50992.2,2026-08-29,Cancelled,USR-003
PO-00122,2025-06-10,PRD-0457,SUP-009,WH-002,50,1991.75,99587.5,2025-06-23,Cancelled,USR-014
PO-00123,2025-12-28,PRD-0226,SUP-018,WH-004,20,3035.22,60704.4,2026-01-09,Partially Received,USR-005
PO-00124,2025-01-23,PRD-0410,SUP-041,WH-004,10,3345.49,33454.9,2025-02-10,Cancelled,USR-009
PO-00125,2025-03-03,PRD-0340,SUP-014,WH-004,200,2763.93,552786.0,2025-03-14,Received,USR-005
PO-00126,2025-11-21,PRD-0498,SUP-024,WH-001,200,1322.65,264530.0,2025-11-24,Partially Received,USR-017
PO-00127,2026-02-22,PRD-0421,SUP-035,WH-002,200,2167.77,433554.0,2026-03-09,Draft,USR-010
PO-00128,2026-05-20,PRD-0054,SUP-050,WH-003,100,4636.41,463641.0,2026-06-03,Draft,USR-015
PO-00129,2026-04-15,PRD-0109,SUP-029,WH-005,50,741.39,37069.5,2026-04-26,Cancelled,USR-010
PO-00130,2025-02-24,PRD-0283,SUP-043,WH-003,20,5101.14,102022.8,2025-03-03,Cancelled,USR-004
PO-00131,2025-12-12,PRD-0101,SUP-015,WH-001,20,490.24,9804.8,2025-12-17,Received,USR-015
PO-00132,2026-06-19,PRD-0496,SUP-036,WH-005,50,315.92,15796.0,2026-06-27,Cancelled,USR-003
PO-00133,2026-03-22,PRD-0134,SUP-003,WH-004,100,1946.29,194629.0,2026-04-05,Partially Received,USR-016
PO-00134,2025-08-07,PRD-0416,SUP-038,WH-001,50,3019.85,150992.5,2025-08-10,Partially Received,USR-014
PO-00135,2025-01-11,PRD-0117,SUP-007,WH-003,10,613.86,6138.6,2025-01-29,Partially Received,USR-001
PO-00136,2026-05-18,PRD-0346,SUP-031,WH-002,50,1542.18,77109.0,2026-05-26,Pending Approval,USR-002
PO-00137,2025-07-13,PRD-0494,SUP-001,WH-005,10,1622.11,16221.1,2025-07-19,Ordered,USR-016
PO-00138,2025-08-05,PRD-0185,SUP-016,WH-005,50,2620.1,131005.0,2025-08-24,Received,USR-018
PO-00139,2025-12-16,PRD-0301,SUP-012,WH-002,200,3285.93,657186.0,2026-01-02,Partially Received,USR-019
PO-00140,2025-10-29,PRD-0313,SUP-020,WH-004,100,4167.24,416724.0,2025-11-12,Draft,USR-003
PO-00141,2025-10-15,PRD-0072,SUP-023,WH-002,10,4275.1,42751.0,2025-10-22,Pending Approval,USR-019
PO-00142,2025-12-03,PRD-0169,SUP-023,WH-002,100,4644.33,464433.0,2025-12-10,Draft,USR-004
PO-00143,2024-10-13,PRD-0121,SUP-040,WH-004,50,4236.81,211840.5,2024-10-18,Ordered,USR-010
PO-00144,2026-01-31,PRD-0482,SUP-048,WH-004,200,1832.27,366454.0,2026-02-15,Cancelled,USR-005
PO-00145,2025-05-29,PRD-0122,SUP-025,WH-005,50,2955.12,147756.0,2025-06-21,Cancelled,USR-014
PO-00146,2024-11-28,PRD-0173,SUP-031,WH-001,10,1348.68,13486.8,2024-12-06,Draft,USR-016
PO-00147,2025-05-31,PRD-0217,SUP-006,WH-001,200,4540.15,908030.0,2025-06-25,Pending Approval,USR-001
PO-00148,2025-01-28,PRD-0315,SUP-024,WH-002,20,2795.35,55907.0,2025-01-31,Draft,USR-014
PO-00149,2025-07-30,PRD-0240,SUP-036,WH-005,50,1838.07,91903.5,2025-08-07,Pending Approval,USR-010
PO-00150,2026-06-03,PRD-0192,SUP-017,WH-002,200,2646.19,529238.0,2026-06-21,Partially Received,USR-001
PO-00151,2026-02-22,PRD-0088,SUP-039,WH-004,100,297.49,29749.0,2026-03-07,Approved,USR-017
PO-00152,2025-01-28,PRD-0163,SUP-002,WH-005,50,2112.92,105646.0,2025-02-01,Received,USR-001
PO-00153,2024-11-26,PRD-0119,SUP-010,WH-002,200,3014.16,602832.0,2024-12-07,Received,USR-014
PO-00154,2025-01-23,PRD-0136,SUP-017,WH-003,200,5107.85,1021570.0,2025-02-10,Partially Received,USR-006
PO-00155,2025-03-03,PRD-0479,SUP-032,WH-004,10,1949.71,19497.1,2025-03-23,Pending Approval,USR-010
PO-00156,2025-10-15,PRD-0041,SUP-010,WH-005,200,2988.27,597654.0,2025-10-26,Approved,USR-010
PO-00157,2025-04-16,PRD-0113,SUP-018,WH-002,10,3192.37,31923.7,2025-04-28,Ordered,USR-004
PO-00158,2026-02-18,PRD-0397,SUP-035,WH-003,200,1593.28,318656.0,2026-03-05,Pending Approval,USR-017
PO-00159,2025-11-15,PRD-0012,SUP-008,WH-004,50,491.66,24583.0,2025-12-08,Pending Approval,USR-010
PO-00160,2025-05-14,PRD-0249,SUP-004,WH-003,10,1324.41,13244.1,2025-05-26,Pending Approval,USR-018
PO-00161,2025-11-26,PRD-0205,SUP-023,WH-005,10,2952.98,29529.8,2025-12-03,Ordered,USR-008
PO-00162,2025-01-21,PRD-0151,SUP-014,WH-004,10,3924.98,39249.8,2025-02-01,Cancelled,USR-018
PO-00163,2024-10-11,PRD-0032,SUP-017,WH-003,10,3694.84,36948.4,2024-10-29,Partially Received,USR-013
PO-00164,2026-05-18,PRD-0355,SUP-007,WH-002,200,3345.16,669032.0,2026-06-05,Draft,USR-010
PO-00165,2026-06-27,PRD-0019,SUP-024,WH-005,20,4006.04,80120.8,2026-06-30,Ordered,USR-020
PO-00166,2025-04-11,PRD-0214,SUP-017,WH-001,10,4262.54,42625.4,2025-04-29,Ordered,USR-006
PO-00167,2026-06-22,PRD-0094,SUP-010,WH-003,200,3044.76,608952.0,2026-07-03,Pending Approval,USR-020
PO-00168,2026-03-14,PRD-0500,SUP-037,WH-001,200,4978.48,995696.0,2026-03-20,Cancelled,USR-002
PO-00169,2025-09-16,PRD-0098,SUP-006,WH-002,20,1571.42,31428.4,2025-10-11,Ordered,USR-007
PO-00170,2025-02-16,PRD-0384,SUP-003,WH-003,10,1932.7,19327.0,2025-03-02,Partially Received,USR-008
PO-00171,2026-09-25,PRD-0422,SUP-018,WH-003,200,5039.11,1007822.0,2026-10-07,Cancelled,USR-009
PO-00172,2024-11-05,PRD-0152,SUP-013,WH-004,10,1079.61,10796.1,2024-11-11,Approved,USR-016
PO-00173,2025-10-23,PRD-0147,SUP-027,WH-002,10,1886.52,18865.2,2025-11-17,Received,USR-004
PO-00174,2025-02-02,PRD-0242,SUP-033,WH-001,200,4208.5,841700.0,2025-02-18,Partially Received,USR-013
PO-00175,2025-12-27,PRD-0382,SUP-027,WH-001,50,1878.2,93910.0,2026-01-21,Partially Received,USR-008
PO-00176,2026-01-30,PRD-0165,SUP-019,WH-001,20,1313.78,26275.6,2026-02-20,Ordered,USR-004
PO-00177,2026-04-30,PRD-0380,SUP-017,WH-004,50,1148.17,57408.5,2026-05-18,Ordered,USR-011
PO-00178,2024-10-11,PRD-0317,SUP-036,WH-004,10,4606.91,46069.1,2024-10-19,Approved,USR-002
PO-00179,2026-03-19,PRD-0232,SUP-033,WH-004,50,2415.49,120774.5,2026-04-04,Partially Received,USR-018
PO-00180,2026-03-05,PRD-0436,SUP-004,WH-004,200,3170.29,634058.0,2026-03-17,Approved,USR-011
PO-00181,2025-10-15,PRD-0189,SUP-015,WH-002,20,1304.96,26099.2,2025-10-20,Draft,USR-005
PO-00182,2026-06-15,PRD-0306,SUP-045,WH-001,20,3729.38,74587.6,2026-06-30,Cancelled,USR-019
PO-00183,2026-05-29,PRD-0300,SUP-033,WH-004,20,252.11,5042.2,2026-06-14,Draft,USR-008
PO-00184,2024-10-22,PRD-0199,SUP-030,WH-002,20,4643.27,92865.4,2024-11-08,Partially Received,USR-004
PO-00185,2026-03-18,PRD-0453,SUP-037,WH-004,10,144.0,1440.0,2026-03-24,Cancelled,USR-001
PO-00186,2025-07-10,PRD-0169,SUP-018,WH-005,200,4832.29,966458.0,2025-07-22,Cancelled,USR-001
PO-00187,2026-09-12,PRD-0443,SUP-030,WH-002,10,2148.65,21486.5,2026-09-29,Draft,USR-018
PO-00188,2025-10-28,PRD-0094,SUP-010,WH-004,20,3044.76,60895.2,2025-11-08,Pending Approval,USR-001
PO-00189,2025-04-06,PRD-0363,SUP-024,WH-002,10,2259.44,22594.4,2025-04-09,Partially Received,USR-003
PO-00190,2025-10-29,PRD-0191,SUP-024,WH-005,200,4211.24,842248.0,2025-11-01,Partially Received,USR-018
PO-00191,2025-10-06,PRD-0018,SUP-027,WH-005,200,3491.5,698300.0,2025-10-31,Partially Received,USR-020
PO-00192,2026-04-19,PRD-0097,SUP-003,WH-004,50,3880.94,194047.0,2026-05-03,Ordered,USR-006
PO-00193,2026-03-04,PRD-0425,SUP-006,WH-004,50,2814.8,140740.0,2026-03-29,Approved,USR-007
PO-00194,2026-06-07,PRD-0464,SUP-043,WH-002,200,866.28,173256.0,2026-06-14,Draft,USR-018
PO-00195,2024-10-14,PRD-0481,SUP-003,WH-003,10,398.43,3984.3,2024-10-28,Partially Received,USR-010
PO-00196,2024-12-23,PRD-0488,SUP-034,WH-001,200,1526.1,305220.0,2025-01-06,Partially Received,USR-016
PO-00197,2025-04-14,PRD-0226,SUP-007,WH-003,100,3785.81,378581.0,2025-05-02,Partially Received,USR-018
PO-00198,2024-10-01,PRD-0128,SUP-013,WH-001,100,825.08,82508.0,2024-10-07,Approved,USR-013
PO-00199,2026-05-03,PRD-0267,SUP-041,WH-001,20,771.91,15438.2,2026-05-21,Received,USR-012
PO-00200,2025-05-19,PRD-0413,SUP-024,WH-005,200,1569.12,313824.0,2025-05-22,Pending Approval,USR-008
PO-00201,2026-06-13,PRD-0176,SUP-038,WH-002,50,484.81,24240.5,2026-06-16,Pending Approval,USR-020
PO-00202,2025-01-29,PRD-0313,SUP-046,WH-001,10,4643.7,46437.0,2025-02-07,Pending Approval,USR-013
PO-00203,2025-07-08,PRD-0173,SUP-032,WH-004,20,1287.56,25751.2,2025-07-28,Cancelled,USR-018
PO-00204,2025-06-09,PRD-0025,SUP-008,WH-005,10,4320.99,43209.9,2025-07-02,Cancelled,USR-004
PO-00205,2026-01-07,PRD-0009,SUP-038,WH-002,50,3795.36,189768.0,2026-01-10,Pending Approval,USR-011
PO-00206,2025-09-08,PRD-0465,SUP-019,WH-002,200,4550.38,910076.0,2025-09-29,Cancelled,USR-004
PO-00207,2024-10-22,PRD-0372,SUP-040,WH-002,10,2244.52,22445.2,2024-10-27,Pending Approval,USR-018
PO-00208,2024-10-11,PRD-0337,SUP-014,WH-003,50,1149.37,57468.5,2024-10-22,Received,USR-008
PO-00209,2025-03-18,PRD-0310,SUP-034,WH-001,50,4012.65,200632.5,2025-04-01,Approved,USR-013
PO-00210,2026-05-11,PRD-0232,SUP-034,WH-005,100,3073.96,307396.0,2026-05-25,Draft,USR-002
PO-00211,2025-09-03,PRD-0449,SUP-009,WH-004,10,4086.58,40865.8,2025-09-16,Received,USR-008
PO-00212,2025-05-15,PRD-0133,SUP-038,WH-002,100,1672.79,167279.0,2025-05-18,Received,USR-003
PO-00213,2025-05-23,PRD-0350,SUP-044,WH-005,100,3169.56,316956.0,2025-06-10,Pending Approval,USR-019
PO-00214,2025-07-04,PRD-0291,SUP-026,WH-003,200,3667.01,733402.0,2025-07-20,Approved,USR-019
PO-00215,2026-06-21,PRD-0303,SUP-005,WH-001,100,1363.16,136316.0,2026-07-14,Pending Approval,USR-004
PO-00216,2025-03-19,PRD-0025,SUP-037,WH-001,200,5108.7,1021740.0,2025-03-25,Ordered,USR-018
PO-00217,2025-06-10,PRD-0133,SUP-038,WH-004,20,1672.79,33455.8,2025-06-13,Approved,USR-020
PO-00218,2025-08-06,PRD-0093,SUP-043,WH-001,20,771.45,15429.0,2025-08-13,Approved,USR-008
PO-00219,2026-05-28,PRD-0146,SUP-008,WH-002,50,2386.76,119338.0,2026-06-20,Draft,USR-015
PO-00220,2025-05-16,PRD-0362,SUP-048,WH-005,10,4474.71,44747.1,2025-05-31,Cancelled,USR-011
PO-00221,2026-07-20,PRD-0202,SUP-044,WH-004,10,3239.86,32398.6,2026-08-07,Partially Received,USR-007
PO-00222,2026-04-10,PRD-0026,SUP-003,WH-005,200,3342.03,668406.0,2026-04-24,Draft,USR-016
PO-00223,2026-02-01,PRD-0079,SUP-040,WH-003,50,4935.85,246792.5,2026-02-06,Ordered,USR-001
PO-00224,2025-12-05,PRD-0163,SUP-050,WH-005,100,1752.22,175222.0,2025-12-19,Partially Received,USR-002
PO-00225,2025-02-26,PRD-0272,SUP-010,WH-004,100,3356.86,335686.0,2025-03-09,Ordered,USR-008
PO-00226,2024-10-30,PRD-0010,SUP-038,WH-003,200,3605.42,721084.0,2024-11-02,Draft,USR-016
PO-00227,2025-03-13,PRD-0087,SUP-017,WH-001,10,356.25,3562.5,2025-03-31,Received,USR-001
PO-00228,2026-09-16,PRD-0076,SUP-042,WH-001,200,1382.67,276534.0,2026-09-27,Cancelled,USR-002
PO-00229,2025-01-24,PRD-0208,SUP-013,WH-003,50,5349.64,267482.0,2025-01-30,Partially Received,USR-014
PO-00230,2025-03-23,PRD-0128,SUP-013,WH-001,10,825.08,8250.8,2025-03-29,Approved,USR-003
PO-00231,2026-01-31,PRD-0331,SUP-035,WH-002,200,3278.94,655788.0,2026-02-15,Ordered,USR-008
PO-00232,2026-02-16,PRD-0005,SUP-043,WH-002,200,633.44,126688.0,2026-02-23,Approved,USR-017
PO-00233,2026-01-16,PRD-0134,SUP-003,WH-004,200,1946.29,389258.0,2026-01-30,Approved,USR-009
PO-00234,2026-04-29,PRD-0091,SUP-001,WH-002,200,4160.69,832138.0,2026-05-05,Partially Received,USR-010
PO-00235,2026-09-01,PRD-0036,SUP-019,WH-005,200,3797.62,759524.0,2026-09-22,Draft,USR-007
PO-00236,2026-03-26,PRD-0081,SUP-024,WH-004,100,4968.09,496809.0,2026-03-29,Pending Approval,USR-016
PO-00237,2025-11-25,PRD-0075,SUP-003,WH-003,50,1970.85,98542.5,2025-12-09,Ordered,USR-004
PO-00238,2025-09-04,PRD-0399,SUP-017,WH-002,10,2915.12,29151.2,2025-09-22,Approved,USR-009
PO-00239,2025-12-05,PRD-0303,SUP-010,WH-005,100,1240.87,124087.0,2025-12-16,Ordered,USR-019
PO-00240,2025-04-08,PRD-0470,SUP-027,WH-004,10,2590.38,25903.8,2025-05-03,Pending Approval,USR-015
PO-00241,2025-09-17,PRD-0189,SUP-035,WH-001,100,1242.16,124216.0,2025-10-02,Partially Received,USR-006
PO-00242,2026-05-03,PRD-0154,SUP-034,WH-003,10,2074.89,20748.9,2026-05-17,Draft,USR-011
PO-00243,2026-08-03,PRD-0370,SUP-044,WH-001,10,1576.56,15765.6,2026-08-21,Approved,USR-012
PO-00244,2024-12-02,PRD-0284,SUP-002,WH-002,10,309.35,3093.5,2024-12-06,Approved,USR-010
PO-00245,2025-07-15,PRD-0481,SUP-009,WH-005,20,383.53,7670.6,2025-07-28,Approved,USR-018
PO-00246,2026-06-13,PRD-0334,SUP-031,WH-001,200,1002.35,200470.0,2026-06-21,Approved,USR-015
PO-00247,2026-01-30,PRD-0057,SUP-030,WH-002,20,2492.8,49856.0,2026-02-16,Draft,USR-011
PO-00248,2025-01-29,PRD-0088,SUP-050,WH-003,50,294.24,14712.0,2025-02-12,Approved,USR-005
PO-00249,2026-02-20,PRD-0261,SUP-023,WH-002,200,4767.86,953572.0,2026-02-27,Draft,USR-004
PO-00250,2026-05-13,PRD-0495,SUP-029,WH-005,200,1945.48,389096.0,2026-05-24,Pending Approval,USR-015
PO-00251,2026-03-20,PRD-0358,SUP-035,WH-002,200,3683.32,736664.0,2026-04-04,Cancelled,USR-011
PO-00252,2025-10-01,PRD-0461,SUP-024,WH-004,20,2596.3,51926.0,2025-10-04,Draft,USR-014
PO-00253,2025-06-16,PRD-0485,SUP-017,WH-005,50,2945.85,147292.5,2025-07-04,Draft,USR-015
PO-00254,2025-03-16,PRD-0074,SUP-023,WH-005,100,1279.66,127966.0,2025-03-23,Pending Approval,USR-011
PO-00255,2024-12-01,PRD-0222,SUP-041,WH-003,100,2144.28,214428.0,2024-12-19,Partially Received,USR-010
PO-00256,2024-12-03,PRD-0320,SUP-001,WH-003,10,1911.32,19113.2,2024-12-09,Received,USR-004
PO-00257,2025-09-14,PRD-0379,SUP-004,WH-005,200,4702.45,940490.0,2025-09-26,Ordered,USR-002
PO-00258,2024-11-06,PRD-0023,SUP-018,WH-004,20,2941.36,58827.2,2024-11-18,Cancelled,USR-009
PO-00259,2026-04-02,PRD-0438,SUP-018,WH-003,10,1644.62,16446.2,2026-04-14,Draft,USR-013
PO-00260,2025-11-18,PRD-0258,SUP-029,WH-001,20,2994.26,59885.2,2025-11-29,Pending Approval,USR-009
PO-00261,2025-08-22,PRD-0375,SUP-048,WH-005,100,4030.66,403066.0,2025-09-06,Received,USR-009
PO-00262,2025-10-23,PRD-0024,SUP-033,WH-004,200,910.31,182062.0,2025-11-08,Approved,USR-003
PO-00263,2026-07-16,PRD-0071,SUP-005,WH-001,50,1797.79,89889.5,2026-08-08,Draft,USR-006
PO-00264,2025-11-17,PRD-0057,SUP-030,WH-001,200,2492.8,498560.0,2025-12-04,Approved,USR-018
PO-00265,2025-05-29,PRD-0311,SUP-035,WH-002,10,1804.61,18046.1,2025-06-13,Ordered,USR-009
PO-00266,2025-09-24,PRD-0328,SUP-043,WH-003,200,4712.08,942416.0,2025-10-01,Pending Approval,USR-014
PO-00267,2024-10-21,PRD-0050,SUP-035,WH-002,10,2439.38,24393.8,2024-11-05,Ordered,USR-008
PO-00268,2026-09-14,PRD-0049,SUP-032,WH-005,20,4456.1,89122.0,2026-10-04,Received,USR-007
PO-00269,2025-09-02,PRD-0327,SUP-032,WH-005,10,3363.36,33633.6,2025-09-22,Cancelled,USR-013
PO-00270,2025-12-15,PRD-0186,SUP-025,WH-003,20,3671.58,73431.6,2026-01-07,Partially Received,USR-010
PO-00271,2026-05-27,PRD-0366,SUP-047,WH-003,20,2373.11,47462.2,2026-06-09,Approved,USR-006
PO-00272,2025-12-18,PRD-0476,SUP-036,WH-004,50,4191.95,209597.5,2025-12-26,Pending Approval,USR-013
PO-00273,2025-11-12,PRD-0069,SUP-011,WH-005,20,2086.7,41734.0,2025-11-20,Partially Received,USR-014
PO-00274,2025-11-17,PRD-0195,SUP-030,WH-003,100,992.05,99205.0,2025-12-04,Pending Approval,USR-003
PO-00275,2025-03-08,PRD-0279,SUP-013,WH-004,100,2335.38,233538.0,2025-03-14,Ordered,USR-018
PO-00276,2024-12-11,PRD-0333,SUP-039,WH-001,20,4104.14,82082.8,2024-12-24,Ordered,USR-005
PO-00277,2026-06-23,PRD-0209,SUP-038,WH-003,10,229.6,2296.0,2026-06-26,Partially Received,USR-017
PO-00278,2025-01-03,PRD-0026,SUP-011,WH-005,20,3353.9,67078.0,2025-01-11,Ordered,USR-005
PO-00279,2024-12-02,PRD-0202,SUP-044,WH-005,200,3239.86,647972.0,2024-12-20,Ordered,USR-018
PO-00280,2025-04-07,PRD-0343,SUP-035,WH-005,50,1200.23,60011.5,2025-04-22,Pending Approval,USR-012
PO-00281,2025-11-11,PRD-0225,SUP-039,WH-002,100,3293.05,329305.0,2025-11-24,Ordered,USR-002
PO-00282,2026-04-27,PRD-0097,SUP-031,WH-003,10,3228.99,32289.9,2026-05-05,Received,USR-010
PO-00283,2025-12-01,PRD-0095,SUP-010,WH-002,10,547.92,5479.2,2025-12-12,Partially Received,USR-019
PO-00284,2026-09-18,PRD-0280,SUP-011,WH-004,200,2593.42,518684.0,2026-09-26,Approved,USR-002
PO-00285,2026-03-18,PRD-0389,SUP-014,WH-001,100,2287.98,228798.0,2026-03-29,Received,USR-008
PO-00286,2026-05-13,PRD-0199,SUP-030,WH-002,100,4643.27,464327.0,2026-05-30,Draft,USR-009
PO-00287,2025-07-15,PRD-0189,SUP-023,WH-005,200,1552.28,310456.0,2025-07-22,Cancelled,USR-018
PO-00288,2024-11-05,PRD-0472,SUP-004,WH-003,20,3981.86,79637.2,2024-11-17,Received,USR-020
PO-00289,2025-01-18,PRD-0343,SUP-008,WH-001,10,1163.94,11639.4,2025-02-10,Draft,USR-006
PO-00290,2025-11-01,PRD-0061,SUP-023,WH-004,10,1241.15,12411.5,2025-11-08,Approved,USR-001
PO-00291,2025-08-25,PRD-0143,SUP-025,WH-002,10,2733.79,27337.9,2025-09-17,Pending Approval,USR-002
PO-00292,2026-02-05,PRD-0339,SUP-016,WH-002,100,893.6,89360.0,2026-02-24,Partially Received,USR-019
PO-00293,2025-01-24,PRD-0077,SUP-017,WH-003,20,2379.15,47583.0,2025-02-11,Pending Approval,USR-020
PO-00294,2025-09-04,PRD-0474,SUP-010,WH-003,20,850.66,17013.2,2025-09-15,Partially Received,USR-017
PO-00295,2025-09-19,PRD-0438,SUP-035,WH-002,100,1895.77,189577.0,2025-10-04,Partially Received,USR-016
PO-00296,2026-07-27,PRD-0389,SUP-014,WH-001,10,2287.98,22879.8,2026-08-07,Cancelled,USR-008
PO-00297,2024-10-23,PRD-0129,SUP-002,WH-002,10,4666.54,46665.4,2024-10-27,Approved,USR-007
PO-00298,2026-07-01,PRD-0500,SUP-044,WH-005,200,5068.4,1013680.0,2026-07-19,Cancelled,USR-014
PO-00299,2026-04-01,PRD-0128,SUP-013,WH-002,100,825.08,82508.0,2026-04-07,Draft,USR-004
PO-00300,2024-11-23,PRD-0061,SUP-023,WH-004,20,1241.15,24823.0,2024-11-30,Partially Received,USR-013
PO-00301,2026-08-06,PRD-0445,SUP-002,WH-003,100,890.25,89025.0,2026-08-10,Approved,USR-017
PO-00302,2025-06-18,PRD-0436,SUP-050,WH-005,100,3156.93,315693.0,2025-07-02,Cancelled,USR-010
PO-00303,2025-03-14,PRD-0476,SUP-041,WH-003,10,3511.35,35113.5,2025-04-01,Cancelled,USR-020
PO-00304,2025-01-24,PRD-0463,SUP-014,WH-004,10,741.37,7413.7,2025-02-04,Ordered,USR-017
PO-00305,2025-02-27,PRD-0210,SUP-017,WH-002,50,2967.87,148393.5,2025-03-17,Received,USR-006
PO-00306,2025-03-02,PRD-0170,SUP-034,WH-004,20,4577.0,91540.0,2025-03-16,Cancelled,USR-020
PO-00307,2026-06-02,PRD-0474,SUP-010,WH-002,20,850.66,17013.2,2026-06-13,Cancelled,USR-019
PO-00308,2026-02-16,PRD-0388,SUP-005,WH-004,200,4761.58,952316.0,2026-03-11,Pending Approval,USR-005
PO-00309,2026-09-07,PRD-0228,SUP-035,WH-001,20,2203.82,44076.4,2026-09-22,Partially Received,USR-011
PO-00310,2026-03-10,PRD-0317,SUP-036,WH-001,20,4606.91,92138.2,2026-03-18,Draft,USR-011
PO-00311,2025-10-17,PRD-0405,SUP-018,WH-003,100,2603.75,260375.0,2025-10-29,Cancelled,USR-011
PO-00312,2026-03-27,PRD-0247,SUP-035,WH-001,100,1449.69,144969.0,2026-04-11,Draft,USR-020
PO-00313,2025-12-30,PRD-0314,SUP-013,WH-005,100,4197.44,419744.0,2026-01-05,Pending Approval,USR-005
PO-00314,2026-09-25,PRD-0455,SUP-020,WH-005,10,1793.84,17938.4,2026-10-09,Cancelled,USR-001
PO-00315,2025-03-08,PRD-0178,SUP-001,WH-004,20,509.01,10180.2,2025-03-14,Cancelled,USR-006
PO-00316,2026-04-07,PRD-0363,SUP-037,WH-002,100,2294.21,229421.0,2026-04-13,Ordered,USR-004
PO-00317,2025-04-11,PRD-0283,SUP-049,WH-001,10,4630.56,46305.6,2025-04-29,Approved,USR-018
PO-00318,2025-09-03,PRD-0384,SUP-003,WH-003,10,1932.7,19327.0,2025-09-17,Partially Received,USR-005
PO-00319,2025-02-21,PRD-0298,SUP-006,WH-004,100,1541.44,154144.0,2025-03-18,Draft,USR-001
PO-00320,2024-12-27,PRD-0260,SUP-026,WH-003,50,3400.25,170012.5,2025-01-12,Approved,USR-011
PO-00321,2025-04-02,PRD-0485,SUP-017,WH-001,200,2945.85,589170.0,2025-04-20,Pending Approval,USR-017
PO-00322,2025-05-15,PRD-0475,SUP-033,WH-001,10,993.62,9936.2,2025-05-31,Ordered,USR-007
PO-00323,2025-01-24,PRD-0473,SUP-017,WH-002,200,664.44,132888.0,2025-02-11,Ordered,USR-008
PO-00324,2026-01-29,PRD-0326,SUP-010,WH-004,20,424.73,8494.6,2026-02-09,Partially Received,USR-013
PO-00325,2026-05-19,PRD-0152,SUP-013,WH-005,200,1079.61,215922.0,2026-05-25,Cancelled,USR-003
PO-00326,2026-05-08,PRD-0418,SUP-018,WH-002,10,1953.47,19534.7,2026-05-20,Draft,USR-002
PO-00327,2025-10-05,PRD-0164,SUP-033,WH-002,200,3812.69,762538.0,2025-10-21,Ordered,USR-019
PO-00328,2025-04-13,PRD-0205,SUP-023,WH-001,20,2952.98,59059.6,2025-04-20,Pending Approval,USR-004
PO-00329,2025-06-10,PRD-0201,SUP-015,WH-004,50,1233.27,61663.5,2025-06-15,Ordered,USR-017
PO-00330,2024-11-26,PRD-0367,SUP-008,WH-004,50,3974.73,198736.5,2024-12-19,Ordered,USR-011
PO-00331,2025-06-11,PRD-0171,SUP-036,WH-003,50,3746.27,187313.5,2025-06-19,Draft,USR-020
PO-00332,2025-08-02,PRD-0126,SUP-026,WH-002,20,234.62,4692.4,2025-08-18,Cancelled,USR-007
PO-00333,2024-11-21,PRD-0031,SUP-006,WH-001,100,838.47,83847.0,2024-12-16,Cancelled,USR-018
PO-00334,2026-09-17,PRD-0227,SUP-045,WH-005,50,2364.2,118210.0,2026-10-02,Partially Received,USR-003
PO-00335,2026-03-12,PRD-0128,SUP-013,WH-003,100,825.08,82508.0,2026-03-18,Partially Received,USR-003
PO-00336,2025-06-20,PRD-0354,SUP-009,WH-001,100,3127.24,312724.0,2025-07-03,Draft,USR-014
PO-00337,2025-10-12,PRD-0436,SUP-004,WH-005,100,3170.29,317029.0,2025-10-24,Approved,USR-020
PO-00338,2025-03-10,PRD-0090,SUP-050,WH-003,20,328.41,6568.2,2025-03-24,Partially Received,USR-015
PO-00339,2025-10-21,PRD-0394,SUP-027,WH-004,100,471.44,47144.0,2025-11-15,Draft,USR-002
PO-00340,2025-07-31,PRD-0249,SUP-050,WH-004,10,1417.45,14174.5,2025-08-14,Draft,USR-016
PO-00341,2025-10-07,PRD-0319,SUP-020,WH-005,50,275.59,13779.5,2025-10-21,Partially Received,USR-020
PO-00342,2025-09-07,PRD-0388,SUP-049,WH-001,100,4941.28,494128.0,2025-09-25,Cancelled,USR-005
PO-00343,2026-07-01,PRD-0033,SUP-006,WH-003,100,3973.29,397329.0,2026-07-26,Draft,USR-019
PO-00344,2024-10-25,PRD-0067,SUP-007,WH-003,50,3474.94,173747.0,2024-11-12,Pending Approval,USR-002
PO-00345,2025-01-01,PRD-0026,SUP-044,WH-005,200,3597.9,719580.0,2025-01-19,Ordered,USR-013
PO-00346,2026-01-24,PRD-0433,SUP-027,WH-004,20,1199.36,23987.2,2026-02-18,Approved,USR-019
PO-00347,2026-02-16,PRD-0348,SUP-019,WH-002,50,4761.77,238088.5,2026-03-09,Draft,USR-018
PO-00348,2025-06-01,PRD-0148,SUP-014,WH-005,200,810.59,162118.0,2025-06-12,Pending Approval,USR-004
PO-00349,2025-04-08,PRD-0374,SUP-005,WH-003,50,2743.11,137155.5,2025-05-01,Pending Approval,USR-002
PO-00350,2025-08-09,PRD-0297,SUP-041,WH-003,50,3214.18,160709.0,2025-08-27,Draft,USR-019
PO-00351,2025-01-21,PRD-0358,SUP-031,WH-003,20,3936.26,78725.2,2025-01-29,Partially Received,USR-002
PO-00352,2025-12-22,PRD-0387,SUP-005,WH-001,200,519.85,103970.0,2026-01-14,Draft,USR-010
PO-00353,2026-01-22,PRD-0053,SUP-003,WH-004,200,512.75,102550.0,2026-02-05,Cancelled,USR-011
PO-00354,2026-04-30,PRD-0430,SUP-037,WH-005,100,1007.24,100724.0,2026-05-06,Ordered,USR-005
PO-00355,2026-04-03,PRD-0187,SUP-010,WH-005,10,3392.58,33925.8,2026-04-14,Ordered,USR-011
PO-00356,2026-06-04,PRD-0176,SUP-019,WH-004,50,530.26,26513.0,2026-06-25,Received,USR-001
PO-00357,2026-05-02,PRD-0384,SUP-003,WH-001,100,1932.7,193270.0,2026-05-16,Pending Approval,USR-006
PO-00358,2024-11-08,PRD-0291,SUP-049,WH-002,10,3041.12,30411.2,2024-11-26,Cancelled,USR-001
PO-00359,2025-04-19,PRD-0268,SUP-045,WH-002,10,3628.31,36283.1,2025-05-04,Cancelled,USR-002
PO-00360,2024-12-21,PRD-0015,SUP-042,WH-001,10,812.76,8127.6,2025-01-01,Draft,USR-005
PO-00361,2025-04-12,PRD-0100,SUP-007,WH-004,100,2618.85,261885.0,2025-04-30,Ordered,USR-004
PO-00362,2025-07-28,PRD-0485,SUP-017,WH-005,50,2945.85,147292.5,2025-08-15,Cancelled,USR-008
PO-00363,2026-05-19,PRD-0148,SUP-014,WH-005,20,810.59,16211.8,2026-05-30,Approved,USR-009
PO-00364,2025-12-26,PRD-0456,SUP-030,WH-002,50,3950.02,197501.0,2026-01-12,Ordered,USR-020
PO-00365,2025-09-08,PRD-0348,SUP-019,WH-004,10,4761.77,47617.7,2025-09-29,Cancelled,USR-010
PO-00366,2025-05-02,PRD-0074,SUP-017,WH-002,200,1392.91,278582.0,2025-05-20,Received,USR-002
PO-00367,2026-02-08,PRD-0062,SUP-005,WH-005,10,230.59,2305.9,2026-03-03,Pending Approval,USR-012
PO-00368,2024-12-27,PRD-0012,SUP-029,WH-005,20,637.44,12748.8,2025-01-07,Ordered,USR-014
PO-00369,2026-02-02,PRD-0381,SUP-033,WH-003,100,2098.7,209870.0,2026-02-18,Approved,USR-003
PO-00370,2026-04-25,PRD-0033,SUP-028,WH-002,100,3756.23,375623.0,2026-05-04,Draft,USR-001
PO-00371,2024-12-04,PRD-0125,SUP-050,WH-005,10,4825.65,48256.5,2024-12-18,Pending Approval,USR-020
PO-00372,2025-01-14,PRD-0407,SUP-020,WH-005,200,3500.09,700018.0,2025-01-28,Draft,USR-016
PO-00373,2025-08-01,PRD-0330,SUP-047,WH-002,100,271.52,27152.0,2025-08-14,Ordered,USR-009
PO-00374,2025-04-27,PRD-0346,SUP-024,WH-002,10,1346.41,13464.1,2025-04-30,Received,USR-013
PO-00375,2026-05-17,PRD-0167,SUP-016,WH-001,50,2504.89,125244.5,2026-06-05,Cancelled,USR-004
PO-00376,2025-01-09,PRD-0193,SUP-049,WH-004,100,2484.72,248472.0,2025-01-27,Pending Approval,USR-001
PO-00377,2026-06-01,PRD-0342,SUP-043,WH-004,20,2493.88,49877.6,2026-06-08,Ordered,USR-014
PO-00378,2026-09-05,PRD-0442,SUP-015,WH-001,200,2018.73,403746.0,2026-09-10,Pending Approval,USR-018
PO-00379,2025-03-15,PRD-0245,SUP-017,WH-001,10,1478.86,14788.6,2025-04-02,Pending Approval,USR-003
PO-00380,2026-08-01,PRD-0126,SUP-026,WH-001,50,234.62,11731.0,2026-08-17,Pending Approval,USR-020
PO-00381,2026-08-19,PRD-0039,SUP-048,WH-002,20,5480.48,109609.6,2026-09-03,Ordered,USR-007
PO-00382,2025-06-09,PRD-0413,SUP-049,WH-002,50,1310.23,65511.5,2025-06-27,Pending Approval,USR-009
PO-00383,2026-08-18,PRD-0394,SUP-011,WH-005,50,476.39,23819.5,2026-08-26,Cancelled,USR-015
PO-00384,2025-12-31,PRD-0004,SUP-049,WH-003,10,3072.99,30729.9,2026-01-18,Draft,USR-015
PO-00385,2025-03-17,PRD-0133,SUP-031,WH-001,100,1598.53,159853.0,2025-03-25,Approved,USR-010
PO-00386,2026-07-10,PRD-0379,SUP-014,WH-003,50,5041.89,252094.5,2026-07-21,Received,USR-013
PO-00387,2025-04-20,PRD-0422,SUP-034,WH-001,10,5000.05,50000.5,2025-05-04,Pending Approval,USR-010
PO-00388,2026-03-19,PRD-0340,SUP-014,WH-005,200,2763.93,552786.0,2026-03-30,Ordered,USR-018
PO-00389,2024-11-18,PRD-0166,SUP-017,WH-002,50,303.21,15160.5,2024-12-06,Received,USR-009
PO-00390,2025-04-24,PRD-0315,SUP-041,WH-001,100,2282.21,228221.0,2025-05-12,Received,USR-001
PO-00391,2025-12-03,PRD-0016,SUP-035,WH-005,200,2439.3,487860.0,2025-12-18,Ordered,USR-016
PO-00392,2026-01-07,PRD-0084,SUP-036,WH-001,50,1914.64,95732.0,2026-01-15,Received,USR-014
PO-00393,2025-04-17,PRD-0279,SUP-048,WH-001,10,2808.23,28082.3,2025-05-02,Pending Approval,USR-015
PO-00394,2025-02-17,PRD-0200,SUP-034,WH-001,20,4312.14,86242.8,2025-03-03,Approved,USR-004
PO-00395,2026-09-29,PRD-0358,SUP-035,WH-004,200,3683.32,736664.0,2026-10-14,Cancelled,USR-009
PO-00396,2026-07-26,PRD-0013,SUP-021,WH-003,20,4789.9,95798.0,2026-08-02,Cancelled,USR-010
PO-00397,2025-10-06,PRD-0082,SUP-019,WH-003,50,1756.52,87826.0,2025-10-27,Ordered,USR-015
PO-00398,2024-12-19,PRD-0262,SUP-026,WH-004,200,5174.34,1034868.0,2025-01-04,Approved,USR-020
PO-00399,2025-12-17,PRD-0132,SUP-041,WH-005,10,223.2,2232.0,2026-01-04,Ordered,USR-002
PO-00400,2025-09-01,PRD-0054,SUP-050,WH-003,200,4636.41,927282.0,2025-09-15,Partially Received,USR-002
PO-00401,2025-08-20,PRD-0319,SUP-020,WH-002,10,275.59,2755.9,2025-09-03,Approved,USR-006
PO-00402,2026-07-23,PRD-0112,SUP-016,WH-002,100,2763.89,276389.0,2026-08-11,Ordered,USR-013
PO-00403,2026-08-11,PRD-0178,SUP-001,WH-002,10,509.01,5090.1,2026-08-17,Draft,USR-007
PO-00404,2026-08-24,PRD-0308,SUP-002,WH-004,50,2927.67,146383.5,2026-08-28,Ordered,USR-017
PO-00405,2025-10-15,PRD-0474,SUP-021,WH-002,200,856.14,171228.0,2025-10-22,Received,USR-015
PO-00406,2026-02-01,PRD-0368,SUP-003,WH-003,20,5172.55,103451.0,2026-02-15,Ordered,USR-013
PO-00407,2025-07-18,PRD-0071,SUP-040,WH-003,10,2108.13,21081.3,2025-07-23,Cancelled,USR-008
PO-00408,2025-03-09,PRD-0430,SUP-037,WH-005,10,1007.24,10072.4,2025-03-15,Cancelled,USR-002
PO-00409,2025-06-21,PRD-0095,SUP-041,WH-001,10,502.95,5029.5,2025-07-09,Approved,USR-011
PO-00410,2026-07-24,PRD-0044,SUP-038,WH-003,100,99.56,9956.0,2026-07-27,Partially Received,USR-012
PO-00411,2025-10-23,PRD-0481,SUP-043,WH-003,200,380.34,76068.0,2025-10-30,Pending Approval,USR-019
PO-00412,2025-03-05,PRD-0349,SUP-049,WH-002,20,1234.91,24698.2,2025-03-23,Draft,USR-011
PO-00413,2025-01-05,PRD-0319,SUP-020,WH-005,100,275.59,27559.0,2025-01-19,Pending Approval,USR-019
PO-00414,2025-03-29,PRD-0001,SUP-041,WH-004,50,3029.08,151454.0,2025-04-16,Partially Received,USR-019
PO-00415,2025-02-21,PRD-0101,SUP-015,WH-005,10,490.24,4902.4,2025-02-26,Draft,USR-010
PO-00416,2024-12-06,PRD-0065,SUP-042,WH-005,20,414.7,8294.0,2024-12-17,Partially Received,USR-010
PO-00417,2026-01-14,PRD-0184,SUP-033,WH-001,100,3857.02,385702.0,2026-01-30,Cancelled,USR-016
PO-00418,2024-10-05,PRD-0028,SUP-017,WH-001,20,1207.05,24141.0,2024-10-23,Approved,USR-016
PO-00419,2026-04-06,PRD-0484,SUP-034,WH-003,100,3745.93,374593.0,2026-04-20,Approved,USR-011
PO-00420,2026-03-26,PRD-0262,SUP-004,WH-002,50,4700.95,235047.5,2026-04-07,Approved,USR-001
PO-00421,2024-11-01,PRD-0472,SUP-037,WH-003,20,3758.28,75165.6,2024-11-07,Approved,USR-011
PO-00422,2024-11-25,PRD-0048,SUP-009,WH-003,10,4061.95,40619.5,2024-12-08,Partially Received,USR-001
PO-00423,2026-06-26,PRD-0274,SUP-014,WH-004,200,4253.45,850690.0,2026-07-07,Pending Approval,USR-010
PO-00424,2025-06-01,PRD-0232,SUP-009,WH-003,200,2785.62,557124.0,2025-06-14,Approved,USR-007
PO-00425,2026-09-23,PRD-0230,SUP-026,WH-005,100,2644.7,264470.0,2026-10-09,Received,USR-017
PO-00426,2025-03-23,PRD-0124,SUP-039,WH-005,100,4020.54,402054.0,2025-04-05,Draft,USR-006
PO-00427,2025-08-31,PRD-0482,SUP-048,WH-001,10,1832.27,18322.7,2025-09-15,Partially Received,USR-020
PO-00428,2025-09-03,PRD-0298,SUP-007,WH-003,100,1217.96,121796.0,2025-09-21,Received,USR-020
PO-00429,2025-08-11,PRD-0445,SUP-011,WH-002,50,860.06,43003.0,2025-08-19,Ordered,USR-018
PO-00430,2025-07-04,PRD-0103,SUP-049,WH-001,200,3968.65,793730.0,2025-07-22,Cancelled,USR-007
PO-00431,2025-07-14,PRD-0249,SUP-047,WH-001,200,1571.9,314380.0,2025-07-27,Draft,USR-015
PO-00432,2024-12-26,PRD-0336,SUP-048,WH-002,20,1808.02,36160.4,2025-01-10,Received,USR-016
PO-00433,2024-10-22,PRD-0484,SUP-038,WH-004,50,3538.54,176927.0,2024-10-25,Draft,USR-005
PO-00434,2025-08-28,PRD-0445,SUP-002,WH-004,20,890.25,17805.0,2025-09-01,Cancelled,USR-016
PO-00435,2026-03-21,PRD-0433,SUP-027,WH-005,100,1199.36,119936.0,2026-04-15,Draft,USR-010
PO-00436,2025-11-17,PRD-0405,SUP-011,WH-005,200,2744.93,548986.0,2025-11-25,Ordered,USR-013
PO-00437,2025-05-27,PRD-0094,SUP-018,WH-001,10,3351.59,33515.9,2025-06-08,Partially Received,USR-015
PO-00438,2026-04-28,PRD-0212,SUP-029,WH-001,200,3324.3,664860.0,2026-05-09,Pending Approval,USR-012
PO-00439,2024-12-02,PRD-0426,SUP-005,WH-001,20,3097.76,61955.2,2024-12-25,Partially Received,USR-002
PO-00440,2026-03-08,PRD-0019,SUP-036,WH-004,200,3960.39,792078.0,2026-03-16,Draft,USR-020
PO-00441,2025-06-30,PRD-0247,SUP-035,WH-005,200,1449.69,289938.0,2025-07-15,Cancelled,USR-001
PO-00442,2025-01-01,PRD-0269,SUP-009,WH-005,10,245.28,2452.8,2025-01-14,Approved,USR-007
PO-00443,2025-01-24,PRD-0285,SUP-023,WH-004,200,3011.21,602242.0,2025-01-31,Cancelled,USR-019
PO-00444,2025-07-31,PRD-0250,SUP-010,WH-002,10,580.06,5800.6,2025-08-11,Draft,USR-013
PO-00445,2026-04-06,PRD-0105,SUP-042,WH-005,20,2780.58,55611.6,2026-04-17,Approved,USR-015
PO-00446,2026-04-01,PRD-0152,SUP-013,WH-005,200,1079.61,215922.0,2026-04-07,Ordered,USR-003
PO-00447,2025-05-26,PRD-0445,SUP-011,WH-005,20,860.06,17201.2,2025-06-03,Received,USR-003
PO-00448,2026-02-07,PRD-0398,SUP-045,WH-004,200,2927.0,585400.0,2026-02-22,Ordered,USR-010
PO-00449,2025-05-06,PRD-0057,SUP-017,WH-003,10,2088.74,20887.4,2025-05-24,Approved,USR-018
PO-00450,2025-03-06,PRD-0472,SUP-037,WH-003,10,3758.28,37582.8,2025-03-12,Partially Received,USR-015
PO-00451,2026-08-31,PRD-0363,SUP-043,WH-005,100,2894.04,289404.0,2026-09-07,Partially Received,USR-014
PO-00452,2026-09-22,PRD-0492,SUP-008,WH-001,50,1149.56,57478.0,2026-10-15,Received,USR-002
PO-00453,2025-05-28,PRD-0447,SUP-025,WH-001,20,3059.88,61197.6,2025-06-20,Partially Received,USR-007
PO-00454,2025-11-15,PRD-0290,SUP-044,WH-001,10,1939.96,19399.6,2025-12-03,Ordered,USR-006
PO-00455,2025-02-06,PRD-0464,SUP-035,WH-004,100,1081.8,108180.0,2025-02-21,Draft,USR-005
PO-00456,2024-12-27,PRD-0400,SUP-033,WH-004,20,175.7,3514.0,2025-01-12,Received,USR-010
PO-00457,2026-02-16,PRD-0420,SUP-004,WH-001,100,2009.5,200950.0,2026-02-28,Draft,USR-013
PO-00458,2024-11-08,PRD-0069,SUP-005,WH-003,10,2159.92,21599.2,2024-12-01,Partially Received,USR-013
PO-00459,2025-07-12,PRD-0437,SUP-015,WH-001,200,951.21,190242.0,2025-07-17,Ordered,USR-016
PO-00460,2026-04-07,PRD-0306,SUP-006,WH-002,10,3283.83,32838.3,2026-05-02,Partially Received,USR-002
PO-00461,2025-01-31,PRD-0081,SUP-008,WH-001,20,3878.54,77570.8,2025-02-23,Cancelled,USR-016
PO-00462,2026-04-07,PRD-0163,SUP-050,WH-003,10,1752.22,17522.2,2026-04-21,Ordered,USR-002
PO-00463,2025-01-05,PRD-0383,SUP-032,WH-004,200,3001.39,600278.0,2025-01-25,Ordered,USR-010
PO-00464,2026-08-25,PRD-0126,SUP-024,WH-004,100,254.57,25457.0,2026-08-28,Pending Approval,USR-010
PO-00465,2025-04-18,PRD-0009,SUP-022,WH-005,10,4208.02,42080.2,2025-05-09,Partially Received,USR-005
PO-00466,2026-08-16,PRD-0295,SUP-007,WH-003,50,2578.25,128912.5,2026-09-03,Draft,USR-012
PO-00467,2025-04-20,PRD-0408,SUP-050,WH-004,10,2612.77,26127.7,2025-05-04,Approved,USR-014
PO-00468,2025-03-18,PRD-0087,SUP-019,WH-003,200,447.6,89520.0,2025-04-08,Ordered,USR-020
PO-00469,2024-11-09,PRD-0195,SUP-045,WH-002,10,889.97,8899.7,2024-11-24,Ordered,USR-003
PO-00470,2025-06-16,PRD-0307,SUP-019,WH-005,50,4551.65,227582.5,2025-07-07,Received,USR-015
PO-00471,2025-05-03,PRD-0496,SUP-036,WH-001,100,315.92,31592.0,2025-05-11,Received,USR-006
PO-00472,2026-06-24,PRD-0390,SUP-027,WH-003,200,4764.36,952872.0,2026-07-19,Cancelled,USR-020
PO-00473,2025-10-09,PRD-0370,SUP-044,WH-001,10,1576.56,15765.6,2025-10-27,Received,USR-005
PO-00474,2025-02-27,PRD-0088,SUP-039,WH-002,50,297.49,14874.5,2025-03-12,Cancelled,USR-005
PO-00475,2025-07-31,PRD-0399,SUP-019,WH-004,100,3568.41,356841.0,2025-08-21,Partially Received,USR-016
PO-00476,2025-11-23,PRD-0476,SUP-036,WH-004,50,4191.95,209597.5,2025-12-01,Approved,USR-003
PO-00477,2024-10-27,PRD-0208,SUP-013,WH-002,100,5349.64,534964.0,2024-11-02,Partially Received,USR-003
PO-00478,2026-04-07,PRD-0313,SUP-003,WH-003,20,4269.37,85387.4,2026-04-21,Cancelled,USR-005
PO-00479,2025-05-07,PRD-0053,SUP-002,WH-004,50,530.21,26510.5,2025-05-11,Approved,USR-004
PO-00480,2025-04-04,PRD-0088,SUP-039,WH-004,10,297.49,2974.9,2025-04-17,Partially Received,USR-011
PO-00481,2025-09-26,PRD-0197,SUP-045,WH-003,100,1946.98,194698.0,2025-10-11,Approved,USR-004
PO-00482,2024-12-07,PRD-0488,SUP-025,WH-005,10,1790.1,17901.0,2024-12-30,Ordered,USR-006
PO-00483,2026-06-12,PRD-0477,SUP-041,WH-001,50,3099.82,154991.0,2026-06-30,Pending Approval,USR-013
PO-00484,2026-07-03,PRD-0455,SUP-011,WH-005,50,1458.52,72926.0,2026-07-11,Partially Received,USR-008
PO-00485,2025-01-27,PRD-0444,SUP-021,WH-005,50,3106.49,155324.5,2025-02-03,Received,USR-015
PO-00486,2026-06-16,PRD-0271,SUP-023,WH-001,20,3221.81,64436.2,2026-06-23,Ordered,USR-003
PO-00487,2025-10-25,PRD-0138,SUP-017,WH-002,20,688.69,13773.8,2025-11-12,Partially Received,USR-004
PO-00488,2025-03-11,PRD-0298,SUP-006,WH-005,10,1541.44,15414.4,2025-04-05,Ordered,USR-004
PO-00489,2026-06-25,PRD-0463,SUP-034,WH-004,10,631.27,6312.7,2026-07-09,Partially Received,USR-019
PO-00490,2024-10-14,PRD-0295,SUP-030,WH-001,200,2522.55,504510.0,2024-10-31,Draft,USR-020
PO-00491,2026-07-25,PRD-0278,SUP-043,WH-005,20,3468.21,69364.2,2026-08-01,Pending Approval,USR-014
PO-00492,2026-06-14,PRD-0084,SUP-038,WH-004,200,2260.01,452002.0,2026-06-17,Approved,USR-002
PO-00493,2025-04-21,PRD-0157,SUP-023,WH-005,100,598.93,59893.0,2025-04-28,Partially Received,USR-013
PO-00494,2025-11-10,PRD-0131,SUP-020,WH-004,200,1370.72,274144.0,2025-11-24,Partially Received,USR-013
PO-00495,2026-04-20,PRD-0456,SUP-001,WH-003,10,3223.31,32233.1,2026-04-26,Ordered,USR-020
PO-00496,2026-07-30,PRD-0349,SUP-049,WH-003,10,1234.91,12349.1,2026-08-17,Draft,USR-018
PO-00497,2025-04-24,PRD-0467,SUP-029,WH-003,20,2167.78,43355.6,2025-05-05,Pending Approval,USR-011
PO-00498,2025-02-16,PRD-0077,SUP-041,WH-004,50,2129.79,106489.5,2025-03-06,Pending Approval,USR-010
PO-00499,2026-09-14,PRD-0175,SUP-046,WH-004,100,3284.39,328439.0,2026-09-23,Draft,USR-019
PO-00500,2026-06-01,PRD-0161,SUP-050,WH-001,100,1893.57,189357.0,2026-06-15,Ordered,USR-014
PO-00501,2025-08-12,PRD-0026,SUP-003,WH-004,100,3342.03,334203.0,2025-08-26,Ordered,USR-020
PO-00502,2025-07-30,PRD-0498,SUP-044,WH-002,20,1560.38,31207.6,2025-08-17,Ordered,USR-005
PO-00503,2025-03-10,PRD-0159,SUP-022,WH-003,10,197.32,1973.2,2025-03-31,Cancelled,USR-001
PO-00504,2026-01-24,PRD-0476,SUP-041,WH-005,20,3511.35,70227.0,2026-02-11,Draft,USR-018
PO-00505,2025-03-31,PRD-0086,SUP-049,WH-005,50,5021.54,251077.0,2025-04-18,Ordered,USR-017
PO-00506,2026-03-02,PRD-0080,SUP-034,WH-003,10,2156.21,21562.1,2026-03-16,Received,USR-017
PO-00507,2025-09-25,PRD-0040,SUP-030,WH-004,10,4216.52,42165.2,2025-10-12,Ordered,USR-019
PO-00508,2025-02-22,PRD-0210,SUP-017,WH-005,100,2967.87,296787.0,2025-03-12,Cancelled,USR-017
PO-00509,2025-02-18,PRD-0095,SUP-010,WH-001,100,547.92,54792.0,2025-03-01,Draft,USR-007
PO-00510,2025-12-29,PRD-0379,SUP-014,WH-002,100,5041.89,504189.0,2026-01-09,Pending Approval,USR-006
PO-00511,2026-05-14,PRD-0197,SUP-045,WH-003,50,1946.98,97349.0,2026-05-29,Partially Received,USR-005
PO-00512,2026-03-25,PRD-0098,SUP-006,WH-001,10,1571.42,15714.2,2026-04-19,Cancelled,USR-009
PO-00513,2026-05-27,PRD-0123,SUP-031,WH-003,50,4087.13,204356.5,2026-06-04,Ordered,USR-003
PO-00514,2025-09-10,PRD-0366,SUP-047,WH-003,10,2373.11,23731.1,2025-09-23,Pending Approval,USR-011
PO-00515,2025-11-09,PRD-0103,SUP-044,WH-005,50,4591.16,229558.0,2025-11-27,Draft,USR-010
PO-00516,2025-05-17,PRD-0241,SUP-019,WH-003,50,3292.16,164608.0,2025-06-07,Approved,USR-011
PO-00517,2026-04-05,PRD-0134,SUP-046,WH-004,10,1560.83,15608.3,2026-04-14,Ordered,USR-002
PO-00518,2025-07-24,PRD-0332,SUP-022,WH-003,20,4172.44,83448.8,2025-08-14,Cancelled,USR-007
PO-00519,2025-10-11,PRD-0044,SUP-007,WH-002,50,112.1,5605.0,2025-10-29,Pending Approval,USR-020
PO-00520,2026-04-30,PRD-0403,SUP-029,WH-003,200,691.98,138396.0,2026-05-11,Ordered,USR-010
PO-00521,2025-07-05,PRD-0001,SUP-041,WH-005,200,3029.08,605816.0,2025-07-23,Draft,USR-012
PO-00522,2025-08-21,PRD-0414,SUP-014,WH-004,200,3710.55,742110.0,2025-09-01,Received,USR-010
PO-00523,2025-11-29,PRD-0103,SUP-044,WH-004,50,4591.16,229558.0,2025-12-17,Cancelled,USR-007
PO-00524,2025-09-13,PRD-0279,SUP-047,WH-001,50,2670.19,133509.5,2025-09-26,Ordered,USR-018
PO-00525,2026-06-25,PRD-0308,SUP-002,WH-002,100,2927.67,292767.0,2026-06-29,Partially Received,USR-020
PO-00526,2025-08-21,PRD-0352,SUP-010,WH-001,20,145.09,2901.8,2025-09-01,Cancelled,USR-016
PO-00527,2024-10-30,PRD-0369,SUP-039,WH-002,20,587.24,11744.8,2024-11-12,Draft,USR-001
PO-00528,2024-12-19,PRD-0082,SUP-019,WH-004,200,1756.52,351304.0,2025-01-09,Draft,USR-005
PO-00529,2026-08-11,PRD-0404,SUP-039,WH-001,20,2524.94,50498.8,2026-08-24,Cancelled,USR-018
PO-00530,2025-05-02,PRD-0458,SUP-009,WH-003,50,2568.75,128437.5,2025-05-15,Cancelled,USR-018
PO-00531,2025-06-11,PRD-0155,SUP-026,WH-005,200,2602.34,520468.0,2025-06-27,Partially Received,USR-009
PO-00532,2025-07-13,PRD-0439,SUP-043,WH-004,200,2793.71,558742.0,2025-07-20,Pending Approval,USR-006
PO-00533,2026-06-25,PRD-0358,SUP-031,WH-004,100,3936.26,393626.0,2026-07-03,Partially Received,USR-014
PO-00534,2026-06-21,PRD-0353,SUP-032,WH-005,50,3620.15,181007.5,2026-07-11,Draft,USR-006
PO-00535,2026-08-10,PRD-0361,SUP-032,WH-002,10,868.27,8682.7,2026-08-30,Approved,USR-013
PO-00536,2026-07-07,PRD-0250,SUP-050,WH-005,200,688.76,137752.0,2026-07-21,Received,USR-018
PO-00537,2025-04-24,PRD-0372,SUP-040,WH-005,20,2244.52,44890.4,2025-04-29,Ordered,USR-018
PO-00538,2026-02-13,PRD-0323,SUP-027,WH-004,100,4229.64,422964.0,2026-03-10,Ordered,USR-013
PO-00539,2024-11-14,PRD-0367,SUP-008,WH-004,200,3974.73,794946.0,2024-12-07,Draft,USR-003
PO-00540,2026-04-05,PRD-0010,SUP-045,WH-003,200,3587.93,717586.0,2026-04-20,Ordered,USR-009
PO-00541,2026-03-30,PRD-0127,SUP-009,WH-001,100,3686.29,368629.0,2026-04-12,Ordered,USR-001
PO-00542,2025-03-20,PRD-0227,SUP-045,WH-005,100,2364.2,236420.0,2025-04-04,Partially Received,USR-007
PO-00543,2025-07-04,PRD-0109,SUP-029,WH-002,50,741.39,37069.5,2025-07-15,Cancelled,USR-018
PO-00544,2026-02-09,PRD-0254,SUP-017,WH-005,50,3852.03,192601.5,2026-02-27,Ordered,USR-014
PO-00545,2025-03-12,PRD-0114,SUP-006,WH-002,10,118.55,1185.5,2025-04-06,Pending Approval,USR-004
PO-00546,2026-07-20,PRD-0089,SUP-039,WH-005,200,4502.8,900560.0,2026-08-02,Draft,USR-002
PO-00547,2025-07-18,PRD-0477,SUP-041,WH-003,10,3099.82,30998.2,2025-08-05,Draft,USR-020
PO-00548,2025-09-23,PRD-0405,SUP-040,WH-004,50,2729.96,136498.0,2025-09-28,Received,USR-014
PO-00549,2026-03-03,PRD-0008,SUP-050,WH-005,100,1085.72,108572.0,2026-03-17,Ordered,USR-017
PO-00550,2026-02-24,PRD-0270,SUP-003,WH-004,10,3508.37,35083.7,2026-03-10,Cancelled,USR-020
PO-00551,2026-04-19,PRD-0243,SUP-035,WH-001,100,1128.04,112804.0,2026-05-04,Partially Received,USR-010
PO-00552,2026-08-17,PRD-0399,SUP-019,WH-002,200,3568.41,713682.0,2026-09-07,Approved,USR-006
PO-00553,2025-07-06,PRD-0465,SUP-003,WH-002,50,4380.42,219021.0,2025-07-20,Approved,USR-018
PO-00554,2025-08-15,PRD-0119,SUP-010,WH-003,200,3014.16,602832.0,2025-08-26,Partially Received,USR-017
PO-00555,2026-07-26,PRD-0296,SUP-028,WH-001,10,2425.02,24250.2,2026-08-04,Partially Received,USR-017
PO-00556,2025-05-11,PRD-0320,SUP-001,WH-001,50,1911.32,95566.0,2025-05-17,Draft,USR-010
PO-00557,2026-06-02,PRD-0032,SUP-050,WH-004,10,3728.15,37281.5,2026-06-16,Partially Received,USR-013
PO-00558,2025-08-26,PRD-0478,SUP-024,WH-002,200,1544.21,308842.0,2025-08-29,Cancelled,USR-001
PO-00559,2026-04-02,PRD-0059,SUP-049,WH-003,10,1962.9,19629.0,2026-04-20,Cancelled,USR-004
PO-00560,2025-10-31,PRD-0477,SUP-041,WH-001,100,3099.82,309982.0,2025-11-18,Received,USR-016
PO-00561,2026-08-02,PRD-0077,SUP-041,WH-005,100,2129.79,212979.0,2026-08-20,Partially Received,USR-012
PO-00562,2026-07-25,PRD-0418,SUP-018,WH-001,200,1953.47,390694.0,2026-08-06,Ordered,USR-018
PO-00563,2026-01-28,PRD-0311,SUP-050,WH-003,50,1584.07,79203.5,2026-02-11,Approved,USR-019
PO-00564,2025-02-21,PRD-0200,SUP-034,WH-002,10,4312.14,43121.4,2025-03-07,Received,USR-003
PO-00565,2026-07-18,PRD-0104,SUP-008,WH-001,100,860.11,86011.0,2026-08-10,Partially Received,USR-019
PO-00566,2026-02-10,PRD-0025,SUP-008,WH-005,20,4320.99,86419.8,2026-03-05,Draft,USR-017
PO-00567,2026-04-29,PRD-0360,SUP-015,WH-004,20,4789.74,95794.8,2026-05-04,Received,USR-003
PO-00568,2025-05-06,PRD-0272,SUP-029,WH-005,20,2672.81,53456.2,2025-05-17,Approved,USR-015
PO-00569,2026-04-24,PRD-0136,SUP-017,WH-004,50,5107.85,255392.5,2026-05-12,Approved,USR-012
PO-00570,2025-07-17,PRD-0282,SUP-023,WH-001,200,1224.48,244896.0,2025-07-24,Partially Received,USR-014
PO-00571,2025-10-31,PRD-0244,SUP-017,WH-004,20,3810.76,76215.2,2025-11-18,Pending Approval,USR-003
PO-00572,2025-08-11,PRD-0343,SUP-008,WH-005,10,1163.94,11639.4,2025-09-03,Cancelled,USR-010
PO-00573,2024-11-12,PRD-0403,SUP-031,WH-002,200,577.4,115480.0,2024-11-20,Ordered,USR-019
PO-00574,2026-07-05,PRD-0189,SUP-023,WH-004,200,1552.28,310456.0,2026-07-12,Ordered,USR-002
PO-00575,2026-01-13,PRD-0323,SUP-022,WH-005,50,4922.11,246105.5,2026-02-03,Partially Received,USR-013
PO-00576,2026-05-26,PRD-0305,SUP-003,WH-001,50,4472.02,223601.0,2026-06-09,Ordered,USR-004
PO-00577,2025-02-28,PRD-0231,SUP-009,WH-003,10,546.03,5460.3,2025-03-13,Ordered,USR-001
PO-00578,2024-11-26,PRD-0199,SUP-034,WH-005,20,3795.8,75916.0,2024-12-10,Partially Received,USR-012
PO-00579,2025-05-25,PRD-0164,SUP-017,WH-003,50,4390.31,219515.5,2025-06-12,Ordered,USR-019
PO-00580,2025-12-22,PRD-0296,SUP-023,WH-001,10,2687.51,26875.1,2025-12-29,Ordered,USR-004
PO-00581,2025-07-17,PRD-0123,SUP-011,WH-001,100,4090.89,409089.0,2025-07-25,Approved,USR-008
PO-00582,2026-01-11,PRD-0358,SUP-031,WH-002,10,3936.26,39362.6,2026-01-19,Ordered,USR-015
PO-00583,2025-05-13,PRD-0477,SUP-041,WH-005,50,3099.82,154991.0,2025-05-31,Ordered,USR-007
PO-00584,2025-03-06,PRD-0184,SUP-033,WH-002,50,3857.02,192851.0,2025-03-22,Partially Received,USR-015
PO-00585,2026-02-04,PRD-0116,SUP-033,WH-004,50,3513.6,175680.0,2026-02-20,Ordered,USR-005
PO-00586,2025-03-29,PRD-0369,SUP-033,WH-002,50,521.37,26068.5,2025-04-14,Draft,USR-008
PO-00587,2026-08-03,PRD-0259,SUP-031,WH-005,10,2925.68,29256.8,2026-08-11,Draft,USR-017
PO-00588,2026-08-04,PRD-0337,SUP-033,WH-004,10,1312.83,13128.3,2026-08-20,Pending Approval,USR-006
PO-00589,2025-10-06,PRD-0331,SUP-035,WH-002,20,3278.94,65578.8,2025-10-21,Partially Received,USR-017
PO-00590,2025-12-02,PRD-0384,SUP-003,WH-003,10,1932.7,19327.0,2025-12-16,Ordered,USR-015
PO-00591,2025-02-15,PRD-0500,SUP-044,WH-003,10,5068.4,50684.0,2025-03-05,Cancelled,USR-001
PO-00592,2024-12-20,PRD-0358,SUP-031,WH-004,100,3936.26,393626.0,2024-12-28,Ordered,USR-017
PO-00593,2025-07-03,PRD-0395,SUP-027,WH-004,100,2549.67,254967.0,2025-07-28,Approved,USR-011
PO-00594,2025-08-16,PRD-0177,SUP-044,WH-003,50,1559.71,77985.5,2025-09-03,Approved,USR-014
PO-00595,2025-03-20,PRD-0292,SUP-050,WH-001,100,318.23,31823.0,2025-04-03,Partially Received,USR-002
PO-00596,2024-12-14,PRD-0047,SUP-041,WH-004,50,3441.3,172065.0,2025-01-01,Approved,USR-010
PO-00597,2026-02-15,PRD-0355,SUP-001,WH-003,200,3129.56,625912.0,2026-02-21,Cancelled,USR-012
PO-00598,2024-10-28,PRD-0292,SUP-020,WH-004,100,281.02,28102.0,2024-11-11,Draft,USR-016
PO-00599,2026-03-18,PRD-0308,SUP-005,WH-004,100,2941.19,294119.0,2026-04-10,Received,USR-005
PO-00600,2026-07-07,PRD-0375,SUP-030,WH-003,100,3973.28,397328.0,2026-07-24,Ordered,USR-014
PO-00601,2026-07-02,PRD-0124,SUP-016,WH-003,20,3878.44,77568.8,2026-07-21,Cancelled,USR-015
PO-00602,2026-04-22,PRD-0464,SUP-035,WH-001,20,1081.8,21636.0,2026-05-07,Pending Approval,USR-012
PO-00603,2025-07-18,PRD-0356,SUP-023,WH-002,20,3629.24,72584.8,2025-07-25,Received,USR-017
PO-00604,2026-07-04,PRD-0195,SUP-030,WH-002,10,992.05,9920.5,2026-07-21,Ordered,USR-016
PO-00605,2024-11-05,PRD-0268,SUP-031,WH-002,10,3201.14,32011.4,2024-11-13,Partially Received,USR-007
PO-00606,2025-11-01,PRD-0385,SUP-049,WH-005,100,3972.99,397299.0,2025-11-19,Pending Approval,USR-001
PO-00607,2026-06-19,PRD-0276,SUP-026,WH-003,100,3906.96,390696.0,2026-07-05,Approved,USR-020
PO-00608,2025-04-07,PRD-0310,SUP-024,WH-002,20,4015.76,80315.2,2025-04-10,Pending Approval,USR-006
PO-00609,2026-02-01,PRD-0300,SUP-024,WH-001,200,262.91,52582.0,2026-02-04,Draft,USR-002
PO-00610,2025-08-09,PRD-0436,SUP-050,WH-001,100,3156.93,315693.0,2025-08-23,Cancelled,USR-013
PO-00611,2026-07-22,PRD-0308,SUP-037,WH-003,50,2450.74,122537.0,2026-07-28,Pending Approval,USR-018
PO-00612,2026-06-10,PRD-0026,SUP-003,WH-002,50,3342.03,167101.5,2026-06-24,Approved,USR-012
PO-00613,2026-04-07,PRD-0136,SUP-017,WH-001,200,5107.85,1021570.0,2026-04-25,Draft,USR-013
PO-00614,2025-12-03,PRD-0429,SUP-025,WH-002,10,2031.95,20319.5,2025-12-26,Ordered,USR-017
PO-00615,2026-06-13,PRD-0011,SUP-038,WH-002,20,761.41,15228.2,2026-06-16,Partially Received,USR-004
PO-00616,2025-05-31,PRD-0175,SUP-046,WH-005,50,3284.39,164219.5,2025-06-09,Approved,USR-010
PO-00617,2026-06-28,PRD-0172,SUP-001,WH-004,10,5101.26,51012.6,2026-07-04,Ordered,USR-019
PO-00618,2026-07-20,PRD-0487,SUP-027,WH-001,100,4563.08,456308.0,2026-08-14,Received,USR-011
PO-00619,2024-11-08,PRD-0163,SUP-050,WH-005,200,1752.22,350444.0,2024-11-22,Draft,USR-003
PO-00620,2025-05-08,PRD-0493,SUP-007,WH-004,100,2610.27,261027.0,2025-05-26,Received,USR-008
PO-00621,2026-01-15,PRD-0037,SUP-050,WH-004,20,964.13,19282.6,2026-01-29,Approved,USR-013
PO-00622,2025-03-23,PRD-0500,SUP-037,WH-001,20,4978.48,99569.6,2025-03-29,Cancelled,USR-012
PO-00623,2025-06-04,PRD-0300,SUP-049,WH-005,50,245.85,12292.5,2025-06-22,Ordered,USR-017
PO-00624,2025-01-09,PRD-0312,SUP-045,WH-005,200,3701.03,740206.0,2025-01-24,Cancelled,USR-003
PO-00625,2025-12-06,PRD-0280,SUP-013,WH-003,50,2958.52,147926.0,2025-12-12,Cancelled,USR-020
PO-00626,2026-08-13,PRD-0152,SUP-013,WH-004,100,1079.61,107961.0,2026-08-19,Approved,USR-015
PO-00627,2025-05-24,PRD-0170,SUP-034,WH-005,20,4577.0,91540.0,2025-06-07,Approved,USR-008
PO-00628,2026-08-01,PRD-0321,SUP-017,WH-001,20,5185.85,103717.0,2026-08-19,Draft,USR-020
PO-00629,2025-05-26,PRD-0248,SUP-001,WH-004,20,1491.68,29833.6,2025-06-01,Approved,USR-012
PO-00630,2025-09-23,PRD-0348,SUP-019,WH-002,20,4761.77,95235.4,2025-10-14,Draft,USR-018
PO-00631,2025-11-06,PRD-0209,SUP-026,WH-004,10,249.37,2493.7,2025-11-22,Cancelled,USR-016
PO-00632,2024-10-03,PRD-0396,SUP-002,WH-005,50,3543.53,177176.5,2024-10-07,Ordered,USR-007
PO-00633,2025-01-25,PRD-0335,SUP-046,WH-003,20,347.2,6944.0,2025-02-03,Draft,USR-020
PO-00634,2025-02-25,PRD-0119,SUP-048,WH-002,200,2924.28,584856.0,2025-03-12,Partially Received,USR-006
PO-00635,2026-04-19,PRD-0437,SUP-038,WH-001,10,860.98,8609.8,2026-04-22,Ordered,USR-010
PO-00636,2026-04-18,PRD-0321,SUP-029,WH-005,20,5204.37,104087.4,2026-04-29,Partially Received,USR-008
PO-00637,2025-11-02,PRD-0011,SUP-038,WH-002,200,761.41,152282.0,2025-11-05,Draft,USR-016
PO-00638,2025-01-21,PRD-0493,SUP-025,WH-003,200,2331.92,466384.0,2025-02-13,Cancelled,USR-001
PO-00639,2025-07-26,PRD-0244,SUP-007,WH-004,20,3432.55,68651.0,2025-08-13,Pending Approval,USR-011
PO-00640,2025-12-11,PRD-0288,SUP-024,WH-003,200,2559.45,511890.0,2025-12-14,Cancelled,USR-020
PO-00641,2025-03-25,PRD-0267,SUP-050,WH-002,200,898.7,179740.0,2025-04-08,Ordered,USR-014
PO-00642,2025-06-13,PRD-0175,SUP-046,WH-004,50,3284.39,164219.5,2025-06-22,Cancelled,USR-017
PO-00643,2025-12-15,PRD-0429,SUP-022,WH-003,50,2081.49,104074.5,2026-01-05,Received,USR-014
PO-00644,2024-10-07,PRD-0261,SUP-023,WH-003,100,4767.86,476786.0,2024-10-14,Pending Approval,USR-014
PO-00645,2026-05-16,PRD-0358,SUP-031,WH-002,200,3936.26,787252.0,2026-05-24,Approved,USR-001
PO-00646,2025-09-04,PRD-0401,SUP-030,WH-002,100,1454.47,145447.0,2025-09-21,Ordered,USR-018
PO-00647,2026-07-17,PRD-0003,SUP-040,WH-004,50,3270.61,163530.5,2026-07-22,Approved,USR-015
PO-00648,2025-06-26,PRD-0398,SUP-045,WH-003,100,2927.0,292700.0,2025-07-11,Draft,USR-003
PO-00649,2026-06-27,PRD-0252,SUP-017,WH-004,50,1758.05,87902.5,2026-07-15,Draft,USR-007
PO-00650,2025-11-27,PRD-0389,SUP-035,WH-001,20,2200.69,44013.8,2025-12-12,Partially Received,USR-020
PO-00651,2026-02-02,PRD-0277,SUP-012,WH-002,10,1925.42,19254.2,2026-02-19,Pending Approval,USR-013
PO-00652,2026-09-21,PRD-0360,SUP-021,WH-004,10,4050.64,40506.4,2026-09-28,Cancelled,USR-005
PO-00653,2025-09-12,PRD-0390,SUP-027,WH-003,200,4764.36,952872.0,2025-10-07,Ordered,USR-015
PO-00654,2025-05-21,PRD-0239,SUP-044,WH-005,10,1636.94,16369.4,2025-06-08,Ordered,USR-003
PO-00655,2025-01-26,PRD-0380,SUP-043,WH-004,10,1260.94,12609.4,2025-02-02,Pending Approval,USR-018
PO-00656,2026-08-03,PRD-0296,SUP-023,WH-003,100,2687.51,268751.0,2026-08-10,Cancelled,USR-009
PO-00657,2026-03-27,PRD-0222,SUP-047,WH-003,10,2209.39,22093.9,2026-04-09,Cancelled,USR-020
PO-00658,2025-04-29,PRD-0495,SUP-007,WH-004,10,1962.83,19628.3,2025-05-17,Partially Received,USR-020
PO-00659,2025-01-17,PRD-0146,SUP-037,WH-002,10,2431.27,24312.7,2025-01-23,Pending Approval,USR-015
PO-00660,2024-11-21,PRD-0175,SUP-031,WH-001,10,3000.42,30004.2,2024-11-29,Partially Received,USR-017
PO-00661,2025-11-15,PRD-0258,SUP-030,WH-001,20,2654.38,53087.6,2025-12-02,Approved,USR-017
PO-00662,2025-10-09,PRD-0376,SUP-021,WH-001,10,3022.57,30225.7,2025-10-16,Cancelled,USR-017
PO-00663,2025-05-03,PRD-0007,SUP-016,WH-003,20,3835.69,76713.8,2025-05-22,Ordered,USR-018
PO-00664,2025-05-29,PRD-0313,SUP-003,WH-001,50,4269.37,213468.5,2025-06-12,Partially Received,USR-020
PO-00665,2025-07-27,PRD-0158,SUP-040,WH-005,50,1115.07,55753.5,2025-08-01,Partially Received,USR-005
PO-00666,2025-03-28,PRD-0156,SUP-043,WH-005,20,1357.14,27142.8,2025-04-04,Draft,USR-005
PO-00667,2025-03-19,PRD-0367,SUP-008,WH-004,200,3974.73,794946.0,2025-04-11,Ordered,USR-009
PO-00668,2025-04-02,PRD-0289,SUP-033,WH-002,100,1485.34,148534.0,2025-04-18,Received,USR-002
PO-00669,2025-12-04,PRD-0271,SUP-023,WH-005,200,3221.81,644362.0,2025-12-11,Draft,USR-005
PO-00670,2025-04-07,PRD-0406,SUP-038,WH-003,200,1211.15,242230.0,2025-04-10,Partially Received,USR-017
PO-00671,2026-05-08,PRD-0328,SUP-043,WH-001,200,4712.08,942416.0,2026-05-15,Pending Approval,USR-016
PO-00672,2026-02-17,PRD-0444,SUP-033,WH-002,100,3099.43,309943.0,2026-03-05,Cancelled,USR-016
PO-00673,2026-09-12,PRD-0308,SUP-005,WH-001,100,2941.19,294119.0,2026-10-05,Pending Approval,USR-003
PO-00674,2026-01-23,PRD-0011,SUP-037,WH-003,100,889.44,88944.0,2026-01-29,Draft,USR-019
PO-00675,2025-01-28,PRD-0392,SUP-040,WH-003,10,296.36,2963.6,2025-02-02,Draft,USR-010
PO-00676,2025-12-09,PRD-0262,SUP-026,WH-003,10,5174.34,51743.4,2025-12-25,Draft,USR-006
PO-00677,2026-02-13,PRD-0330,SUP-047,WH-001,10,271.52,2715.2,2026-02-26,Ordered,USR-008
PO-00678,2025-03-25,PRD-0228,SUP-009,WH-001,20,2489.7,49794.0,2025-04-07,Cancelled,USR-002
PO-00679,2026-03-02,PRD-0170,SUP-034,WH-002,200,4577.0,915400.0,2026-03-16,Cancelled,USR-019
PO-00680,2026-08-01,PRD-0087,SUP-019,WH-004,200,447.6,89520.0,2026-08-22,Partially Received,USR-004
PO-00681,2024-11-04,PRD-0439,SUP-003,WH-005,20,3040.2,60804.0,2024-11-18,Approved,USR-018
PO-00682,2025-10-19,PRD-0492,SUP-044,WH-005,200,1122.16,224432.0,2025-11-06,Cancelled,USR-007
PO-00683,2024-11-25,PRD-0301,SUP-042,WH-001,10,3228.58,32285.8,2024-12-06,Pending Approval,USR-019
PO-00684,2026-05-30,PRD-0040,SUP-050,WH-003,20,4200.28,84005.6,2026-06-13,Pending Approval,USR-013
PO-00685,2025-03-03,PRD-0356,SUP-040,WH-002,10,3668.64,36686.4,2025-03-08,Partially Received,USR-017
PO-00686,2025-12-14,PRD-0471,SUP-011,WH-004,10,2770.23,27702.3,2025-12-22,Cancelled,USR-002
PO-00687,2025-05-14,PRD-0466,SUP-012,WH-004,200,2080.43,416086.0,2025-05-31,Ordered,USR-016
PO-00688,2025-05-18,PRD-0466,SUP-019,WH-003,20,2171.51,43430.2,2025-06-08,Draft,USR-003
PO-00689,2024-10-01,PRD-0215,SUP-048,WH-005,20,1554.66,31093.2,2024-10-16,Approved,USR-004
PO-00690,2025-08-19,PRD-0259,SUP-031,WH-001,50,2925.68,146284.0,2025-08-27,Approved,USR-010
PO-00691,2025-05-03,PRD-0180,SUP-032,WH-005,200,377.73,75546.0,2025-05-23,Draft,USR-002
PO-00692,2026-06-28,PRD-0015,SUP-042,WH-003,50,812.76,40638.0,2026-07-09,Ordered,USR-001
PO-00693,2025-10-19,PRD-0182,SUP-029,WH-003,50,1225.26,61263.0,2025-10-30,Cancelled,USR-011
PO-00694,2025-04-15,PRD-0330,SUP-046,WH-002,10,235.54,2355.4,2025-04-24,Draft,USR-011
PO-00695,2025-06-06,PRD-0169,SUP-002,WH-005,20,4377.26,87545.2,2025-06-10,Pending Approval,USR-004
PO-00696,2024-10-15,PRD-0498,SUP-024,WH-003,200,1322.65,264530.0,2024-10-18,Pending Approval,USR-015
PO-00697,2026-08-08,PRD-0132,SUP-012,WH-003,50,241.15,12057.5,2026-08-25,Pending Approval,USR-009
PO-00698,2025-06-26,PRD-0226,SUP-005,WH-002,100,3869.68,386968.0,2025-07-19,Draft,USR-008
PO-00699,2025-03-20,PRD-0404,SUP-039,WH-002,50,2524.94,126247.0,2025-04-02,Cancelled,USR-017
PO-00700,2025-06-15,PRD-0083,SUP-043,WH-002,10,5261.53,52615.3,2025-06-22,Draft,USR-001
PO-00701,2024-11-08,PRD-0196,SUP-005,WH-002,10,1740.61,17406.1,2024-12-01,Cancelled,USR-008
PO-00702,2026-08-13,PRD-0002,SUP-048,WH-003,50,1144.04,57202.0,2026-08-28,Cancelled,USR-008
PO-00703,2025-01-11,PRD-0267,SUP-009,WH-004,50,833.98,41699.0,2025-01-24,Approved,USR-019
PO-00704,2026-07-05,PRD-0351,SUP-031,WH-002,200,5415.57,1083114.0,2026-07-13,Approved,USR-009
PO-00705,2025-10-11,PRD-0397,SUP-025,WH-005,20,1474.57,29491.4,2025-11-03,Partially Received,USR-003
PO-00706,2026-04-09,PRD-0053,SUP-029,WH-005,20,595.7,11914.0,2026-04-20,Ordered,USR-010
PO-00707,2026-01-14,PRD-0405,SUP-040,WH-002,10,2729.96,27299.6,2026-01-19,Approved,USR-018
PO-00708,2026-05-05,PRD-0052,SUP-020,WH-005,200,414.06,82812.0,2026-05-19,Cancelled,USR-018
PO-00709,2024-11-22,PRD-0022,SUP-033,WH-001,10,4035.01,40350.1,2024-12-08,Partially Received,USR-012
PO-00710,2024-10-04,PRD-0152,SUP-014,WH-001,10,1185.1,11851.0,2024-10-15,Cancelled,USR-013
PO-00711,2025-07-28,PRD-0012,SUP-008,WH-001,50,491.66,24583.0,2025-08-20,Ordered,USR-012
PO-00712,2025-11-10,PRD-0196,SUP-005,WH-001,100,1740.61,174061.0,2025-12-03,Approved,USR-010
PO-00713,2025-10-26,PRD-0422,SUP-034,WH-004,50,5000.05,250002.5,2025-11-09,Draft,USR-006
PO-00714,2024-12-20,PRD-0406,SUP-033,WH-003,200,1041.71,208342.0,2025-01-05,Partially Received,USR-016
PO-00715,2025-12-12,PRD-0287,SUP-028,WH-001,100,3642.22,364222.0,2025-12-21,Ordered,USR-008
PO-00716,2026-03-24,PRD-0084,SUP-036,WH-005,10,1914.64,19146.4,2026-04-01,Pending Approval,USR-010
PO-00717,2026-02-22,PRD-0226,SUP-007,WH-004,20,3785.81,75716.2,2026-03-12,Cancelled,USR-015
PO-00718,2026-01-31,PRD-0485,SUP-044,WH-001,20,3388.11,67762.2,2026-02-18,Draft,USR-007
PO-00719,2025-06-11,PRD-0455,SUP-011,WH-002,100,1458.52,145852.0,2025-06-19,Ordered,USR-003
PO-00720,2025-12-20,PRD-0437,SUP-038,WH-003,100,860.98,86098.0,2025-12-23,Pending Approval,USR-018
PO-00721,2025-04-22,PRD-0399,SUP-017,WH-003,20,2915.12,58302.4,2025-05-10,Ordered,USR-011
PO-00722,2026-06-28,PRD-0108,SUP-034,WH-005,200,1417.17,283434.0,2026-07-12,Approved,USR-013
PO-00723,2025-03-16,PRD-0408,SUP-050,WH-005,100,2612.77,261277.0,2025-03-30,Partially Received,USR-013
PO-00724,2026-07-07,PRD-0090,SUP-024,WH-002,200,363.16,72632.0,2026-07-10,Received,USR-020
PO-00725,2026-03-20,PRD-0414,SUP-021,WH-005,100,3818.0,381800.0,2026-03-27,Partially Received,USR-020
PO-00726,2025-06-18,PRD-0328,SUP-043,WH-003,100,4712.08,471208.0,2025-06-25,Pending Approval,USR-004
PO-00727,2025-05-25,PRD-0313,SUP-020,WH-001,10,4167.24,41672.4,2025-06-08,Draft,USR-006
PO-00728,2025-03-01,PRD-0086,SUP-008,WH-002,200,5254.12,1050824.0,2025-03-24,Received,USR-004
PO-00729,2025-05-06,PRD-0325,SUP-016,WH-003,200,3393.13,678626.0,2025-05-25,Partially Received,USR-007
PO-00730,2025-03-06,PRD-0341,SUP-037,WH-003,200,3917.35,783470.0,2025-03-12,Approved,USR-016
PO-00731,2026-08-17,PRD-0125,SUP-019,WH-005,20,5601.87,112037.4,2026-09-07,Partially Received,USR-018
PO-00732,2026-08-02,PRD-0220,SUP-034,WH-002,10,3682.02,36820.2,2026-08-16,Pending Approval,USR-015
PO-00733,2025-01-23,PRD-0459,SUP-012,WH-001,50,2163.67,108183.5,2025-02-09,Partially Received,USR-013
PO-00734,2026-04-22,PRD-0164,SUP-033,WH-004,100,3812.69,381269.0,2026-05-08,Ordered,USR-014
PO-00735,2025-12-24,PRD-0414,SUP-044,WH-003,20,4097.98,81959.6,2026-01-11,Pending Approval,USR-006
PO-00736,2025-11-24,PRD-0057,SUP-030,WH-001,50,2492.8,124640.0,2025-12-11,Cancelled,USR-007
PO-00737,2026-07-02,PRD-0422,SUP-018,WH-002,20,5039.11,100782.2,2026-07-14,Approved,USR-009
PO-00738,2025-05-24,PRD-0410,SUP-006,WH-004,200,3364.16,672832.0,2025-06-18,Ordered,USR-017
PO-00739,2025-09-10,PRD-0209,SUP-026,WH-005,50,249.37,12468.5,2025-09-26,Cancelled,USR-006
PO-00740,2026-02-28,PRD-0234,SUP-015,WH-004,200,4002.31,800462.0,2026-03-05,Partially Received,USR-004
PO-00741,2026-07-16,PRD-0078,SUP-038,WH-002,200,391.02,78204.0,2026-07-19,Received,USR-006
PO-00742,2025-03-16,PRD-0201,SUP-008,WH-001,50,1356.04,67802.0,2025-04-08,Cancelled,USR-015
PO-00743,2025-09-14,PRD-0393,SUP-048,WH-002,100,5469.83,546983.0,2025-09-29,Partially Received,USR-009
PO-00744,2025-04-02,PRD-0434,SUP-007,WH-005,20,4743.62,94872.4,2025-04-20,Received,USR-001
PO-00745,2025-04-03,PRD-0333,SUP-039,WH-001,100,4104.14,410414.0,2025-04-16,Cancelled,USR-011
PO-00746,2026-08-30,PRD-0429,SUP-022,WH-003,200,2081.49,416298.0,2026-09-20,Ordered,USR-013
PO-00747,2025-03-04,PRD-0176,SUP-038,WH-004,50,484.81,24240.5,2025-03-07,Received,USR-005
PO-00748,2026-04-10,PRD-0309,SUP-031,WH-003,100,5085.26,508526.0,2026-04-18,Cancelled,USR-002
PO-00749,2025-10-22,PRD-0079,SUP-045,WH-002,10,5204.39,52043.9,2025-11-06,Pending Approval,USR-002
PO-00750,2025-06-06,PRD-0183,SUP-005,WH-004,200,4021.17,804234.0,2025-06-29,Partially Received,USR-001
PO-00751,2026-07-12,PRD-0468,SUP-031,WH-001,100,549.49,54949.0,2026-07-20,Received,USR-020
PO-00752,2024-12-13,PRD-0231,SUP-047,WH-004,50,590.86,29543.0,2024-12-26,Draft,USR-003
PO-00753,2025-07-23,PRD-0423,SUP-025,WH-004,50,552.94,27647.0,2025-08-15,Ordered,USR-001
PO-00754,2026-06-29,PRD-0399,SUP-011,WH-001,10,2947.48,29474.8,2026-07-07,Received,USR-004
PO-00755,2025-12-22,PRD-0025,SUP-008,WH-003,200,4320.99,864198.0,2026-01-14,Partially Received,USR-008
PO-00756,2026-02-27,PRD-0237,SUP-047,WH-004,50,2713.84,135692.0,2026-03-12,Approved,USR-004
PO-00757,2025-09-13,PRD-0174,SUP-025,WH-003,20,4171.52,83430.4,2025-10-06,Cancelled,USR-020
PO-00758,2026-04-12,PRD-0209,SUP-026,WH-005,20,249.37,4987.4,2026-04-28,Pending Approval,USR-014
PO-00759,2026-06-04,PRD-0204,SUP-004,WH-003,10,1295.7,12957.0,2026-06-16,Partially Received,USR-013
PO-00760,2025-07-26,PRD-0101,SUP-038,WH-003,200,453.54,90708.0,2025-07-29,Ordered,USR-020
PO-00761,2025-11-07,PRD-0318,SUP-033,WH-002,100,3203.01,320301.0,2025-11-23,Partially Received,USR-013
PO-00762,2025-02-17,PRD-0364,SUP-034,WH-003,100,1550.62,155062.0,2025-03-03,Approved,USR-018
PO-00763,2026-02-21,PRD-0476,SUP-045,WH-005,50,4283.15,214157.5,2026-03-08,Received,USR-013
PO-00764,2025-02-17,PRD-0352,SUP-008,WH-003,100,137.51,13751.0,2025-03-12,Approved,USR-006
PO-00765,2025-05-06,PRD-0498,SUP-050,WH-001,50,1437.88,71894.0,2025-05-20,Received,USR-006
PO-00766,2026-01-31,PRD-0443,SUP-030,WH-002,10,2148.65,21486.5,2026-02-17,Ordered,USR-001
PO-00767,2025-01-31,PRD-0478,SUP-002,WH-005,20,1626.16,32523.2,2025-02-04,Partially Received,USR-005
PO-00768,2026-09-07,PRD-0125,SUP-050,WH-002,50,4825.65,241282.5,2026-09-21,Cancelled,USR-001
PO-00769,2026-06-26,PRD-0248,SUP-038,WH-002,50,1451.32,72566.0,2026-06-29,Approved,USR-017
PO-00770,2026-05-19,PRD-0017,SUP-022,WH-005,20,2605.41,52108.2,2026-06-09,Cancelled,USR-019
PO-00771,2026-02-23,PRD-0426,SUP-044,WH-001,20,2866.21,57324.2,2026-03-13,Cancelled,USR-019
PO-00772,2025-10-31,PRD-0068,SUP-019,WH-002,10,775.5,7755.0,2025-11-21,Received,USR-005
PO-00773,2026-02-04,PRD-0379,SUP-030,WH-003,200,4419.29,883858.0,2026-02-21,Ordered,USR-018
PO-00774,2025-09-02,PRD-0043,SUP-037,WH-002,100,1359.04,135904.0,2025-09-08,Pending Approval,USR-019
PO-00775,2025-07-24,PRD-0015,SUP-038,WH-003,50,664.55,33227.5,2025-07-27,Pending Approval,USR-016
PO-00776,2026-08-23,PRD-0469,SUP-019,WH-001,10,1040.07,10400.7,2026-09-13,Approved,USR-013
PO-00777,2024-11-23,PRD-0073,SUP-021,WH-004,20,439.08,8781.6,2024-11-30,Approved,USR-003
PO-00778,2024-10-05,PRD-0117,SUP-007,WH-005,50,613.86,30693.0,2024-10-23,Draft,USR-014
PO-00779,2026-05-11,PRD-0132,SUP-016,WH-003,10,187.28,1872.8,2026-05-30,Pending Approval,USR-009
PO-00780,2024-12-06,PRD-0156,SUP-043,WH-003,50,1357.14,67857.0,2024-12-13,Received,USR-011
PO-00781,2026-01-02,PRD-0309,SUP-002,WH-005,100,4410.15,441015.0,2026-01-06,Partially Received,USR-018
PO-00782,2025-04-04,PRD-0004,SUP-012,WH-003,200,3405.53,681106.0,2025-04-21,Pending Approval,USR-011
PO-00783,2025-10-05,PRD-0007,SUP-016,WH-001,10,3835.69,38356.9,2025-10-24,Ordered,USR-016
PO-00784,2025-07-20,PRD-0253,SUP-038,WH-001,50,4701.14,235057.0,2025-07-23,Received,USR-007
PO-00785,2025-09-06,PRD-0294,SUP-037,WH-004,50,4542.34,227117.0,2025-09-12,Pending Approval,USR-020
PO-00786,2026-06-09,PRD-0335,SUP-050,WH-004,10,368.75,3687.5,2026-06-23,Cancelled,USR-020
PO-00787,2026-01-25,PRD-0099,SUP-017,WH-003,200,2126.09,425218.0,2026-02-12,Approved,USR-018
PO-00788,2026-02-08,PRD-0448,SUP-008,WH-002,10,2205.14,22051.4,2026-03-03,Approved,USR-014
PO-00789,2025-06-30,PRD-0286,SUP-007,WH-004,200,920.62,184124.0,2025-07-18,Partially Received,USR-016
PO-00790,2026-08-30,PRD-0379,SUP-030,WH-001,50,4419.29,220964.5,2026-09-16,Approved,USR-003
PO-00791,2026-08-26,PRD-0324,SUP-027,WH-004,10,2510.09,25100.9,2026-09-20,Approved,USR-014
PO-00792,2026-08-09,PRD-0117,SUP-011,WH-002,10,665.96,6659.6,2026-08-17,Received,USR-005
PO-00793,2025-02-08,PRD-0118,SUP-020,WH-001,50,304.98,15249.0,2025-02-22,Approved,USR-019
PO-00794,2025-02-08,PRD-0088,SUP-003,WH-004,20,388.02,7760.4,2025-02-22,Draft,USR-005
PO-00795,2025-02-07,PRD-0133,SUP-047,WH-001,50,1918.08,95904.0,2025-02-20,Partially Received,USR-014
PO-00796,2025-02-16,PRD-0316,SUP-017,WH-005,20,3702.28,74045.6,2025-03-06,Pending Approval,USR-007
PO-00797,2026-06-18,PRD-0013,SUP-005,WH-001,20,4405.35,88107.0,2026-07-11,Partially Received,USR-020
PO-00798,2026-02-05,PRD-0442,SUP-015,WH-003,100,2018.73,201873.0,2026-02-10,Ordered,USR-007
PO-00799,2024-11-04,PRD-0469,SUP-019,WH-004,10,1040.07,10400.7,2024-11-25,Received,USR-008
PO-00800,2025-07-17,PRD-0492,SUP-006,WH-004,100,1188.96,118896.0,2025-08-11,Partially Received,USR-006
PO-00801,2024-12-05,PRD-0364,SUP-050,WH-001,20,1477.02,29540.4,2024-12-19,Cancelled,USR-018
PO-00802,2025-01-30,PRD-0444,SUP-021,WH-002,50,3106.49,155324.5,2025-02-06,Received,USR-020
PO-00803,2025-04-09,PRD-0212,SUP-005,WH-001,100,3264.24,326424.0,2025-05-02,Received,USR-001
PO-00804,2026-07-28,PRD-0050,SUP-035,WH-003,10,2439.38,24393.8,2026-08-12,Cancelled,USR-011
PO-00805,2025-03-13,PRD-0047,SUP-033,WH-005,100,2700.4,270040.0,2025-03-29,Partially Received,USR-018
PO-00806,2026-04-14,PRD-0481,SUP-043,WH-004,200,380.34,76068.0,2026-04-21,Received,USR-012
PO-00807,2024-11-11,PRD-0202,SUP-030,WH-003,20,4083.98,81679.6,2024-11-28,Received,USR-017
PO-00808,2026-07-29,PRD-0165,SUP-040,WH-003,20,1295.64,25912.8,2026-08-03,Approved,USR-003
PO-00809,2026-02-10,PRD-0093,SUP-042,WH-003,10,613.84,6138.4,2026-02-21,Ordered,USR-006
PO-00810,2025-05-27,PRD-0199,SUP-030,WH-001,200,4643.27,928654.0,2025-06-13,Draft,USR-005
PO-00811,2026-01-06,PRD-0417,SUP-001,WH-001,200,4370.71,874142.0,2026-01-12,Cancelled,USR-017
PO-00812,2026-01-17,PRD-0383,SUP-032,WH-003,20,3001.39,60027.8,2026-02-06,Ordered,USR-002
PO-00813,2026-03-14,PRD-0022,SUP-033,WH-001,50,4035.01,201750.5,2026-03-30,Partially Received,USR-019
PO-00814,2025-08-01,PRD-0221,SUP-042,WH-003,200,3684.86,736972.0,2025-08-12,Cancelled,USR-005
PO-00815,2025-09-11,PRD-0082,SUP-019,WH-001,100,1756.52,175652.0,2025-10-02,Approved,USR-017
PO-00816,2026-08-18,PRD-0109,SUP-024,WH-001,10,911.12,9111.2,2026-08-21,Pending Approval,USR-010
PO-00817,2025-08-31,PRD-0120,SUP-046,WH-005,200,313.54,62708.0,2025-09-09,Received,USR-011
PO-00818,2025-01-14,PRD-0152,SUP-013,WH-003,10,1079.61,10796.1,2025-01-20,Approved,USR-007
PO-00819,2026-03-19,PRD-0073,SUP-029,WH-005,10,380.5,3805.0,2026-03-30,Approved,USR-016
PO-00820,2025-01-06,PRD-0249,SUP-050,WH-001,10,1417.45,14174.5,2025-01-20,Partially Received,USR-006
PO-00821,2026-07-07,PRD-0454,SUP-044,WH-004,20,3586.96,71739.2,2026-07-25,Approved,USR-019
PO-00822,2025-02-26,PRD-0493,SUP-042,WH-005,20,2564.13,51282.6,2025-03-09,Approved,USR-020
PO-00823,2026-04-10,PRD-0088,SUP-050,WH-002,10,294.24,2942.4,2026-04-24,Pending Approval,USR-013
PO-00824,2025-07-02,PRD-0205,SUP-001,WH-004,200,3213.03,642606.0,2025-07-08,Pending Approval,USR-004
PO-00825,2026-05-19,PRD-0035,SUP-040,WH-002,200,2902.81,580562.0,2026-05-24,Partially Received,USR-007
PO-00826,2025-03-31,PRD-0147,SUP-045,WH-001,50,2323.18,116159.0,2025-04-15,Pending Approval,USR-004
PO-00827,2025-07-01,PRD-0272,SUP-003,WH-001,20,3230.1,64602.0,2025-07-15,Partially Received,USR-002
PO-00828,2025-09-14,PRD-0117,SUP-007,WH-005,100,613.86,61386.0,2025-10-02,Draft,USR-002
PO-00829,2026-04-07,PRD-0242,SUP-033,WH-003,100,4208.5,420850.0,2026-04-23,Ordered,USR-001
PO-00830,2026-02-02,PRD-0309,SUP-030,WH-005,20,4449.62,88992.4,2026-02-19,Draft,USR-006
PO-00831,2026-03-27,PRD-0044,SUP-048,WH-001,50,102.44,5122.0,2026-04-11,Pending Approval,USR-012
PO-00832,2026-04-20,PRD-0415,SUP-044,WH-004,50,2383.96,119198.0,2026-05-08,Received,USR-016
PO-00833,2025-06-13,PRD-0278,SUP-013,WH-002,20,3867.81,77356.2,2025-06-19,Pending Approval,USR-019
PO-00834,2025-08-25,PRD-0147,SUP-045,WH-005,100,2323.18,232318.0,2025-09-09,Partially Received,USR-020
PO-00835,2025-10-13,PRD-0008,SUP-037,WH-005,50,1354.89,67744.5,2025-10-19,Cancelled,USR-017
PO-00836,2026-07-03,PRD-0177,SUP-044,WH-003,50,1559.71,77985.5,2026-07-21,Ordered,USR-018
PO-00837,2025-02-18,PRD-0161,SUP-029,WH-004,20,1959.35,39187.0,2025-03-01,Draft,USR-020
PO-00838,2025-04-03,PRD-0072,SUP-005,WH-003,200,4753.93,950786.0,2025-04-26,Approved,USR-002
PO-00839,2025-06-04,PRD-0078,SUP-034,WH-002,10,380.39,3803.9,2025-06-18,Draft,USR-010
PO-00840,2026-09-12,PRD-0330,SUP-046,WH-005,10,235.54,2355.4,2026-09-21,Received,USR-008
PO-00841,2025-09-02,PRD-0112,SUP-016,WH-005,200,2763.89,552778.0,2025-09-21,Received,USR-010
PO-00842,2026-01-15,PRD-0056,SUP-039,WH-004,100,927.82,92782.0,2026-01-28,Ordered,USR-012
PO-00843,2026-08-22,PRD-0226,SUP-018,WH-003,50,3035.22,151761.0,2026-09-03,Ordered,USR-019
PO-00844,2026-06-18,PRD-0486,SUP-047,WH-004,50,2671.25,133562.5,2026-07-01,Draft,USR-010
PO-00845,2025-10-26,PRD-0471,SUP-011,WH-005,50,2770.23,138511.5,2025-11-03,Draft,USR-011
PO-00846,2026-02-20,PRD-0256,SUP-027,WH-004,10,949.2,9492.0,2026-03-17,Cancelled,USR-010
PO-00847,2026-08-29,PRD-0386,SUP-006,WH-001,20,2169.47,43389.4,2026-09-23,Received,USR-010
PO-00848,2024-12-12,PRD-0449,SUP-027,WH-004,10,3760.17,37601.7,2025-01-06,Received,USR-005
PO-00849,2025-03-23,PRD-0319,SUP-027,WH-002,100,273.92,27392.0,2025-04-17,Draft,USR-004
PO-00850,2025-05-13,PRD-0482,SUP-048,WH-002,50,1832.27,91613.5,2025-05-28,Cancelled,USR-002
PO-00851,2025-12-30,PRD-0190,SUP-029,WH-004,20,1773.49,35469.8,2026-01-10,Partially Received,USR-017
PO-00852,2025-06-08,PRD-0450,SUP-018,WH-004,50,2266.41,113320.5,2025-06-20,Cancelled,USR-015
PO-00853,2025-11-06,PRD-0165,SUP-019,WH-003,10,1313.78,13137.8,2025-11-27,Ordered,USR-005
PO-00854,2024-12-15,PRD-0408,SUP-003,WH-002,10,2416.67,24166.7,2024-12-29,Approved,USR-013
PO-00855,2025-09-23,PRD-0192,SUP-042,WH-002,200,3060.48,612096.0,2025-10-04,Cancelled,USR-011
PO-00856,2026-08-18,PRD-0382,SUP-009,WH-001,10,2406.52,24065.2,2026-08-31,Draft,USR-002
PO-00857,2026-09-18,PRD-0100,SUP-037,WH-002,10,2600.95,26009.5,2026-09-24,Approved,USR-019
PO-00858,2024-10-26,PRD-0002,SUP-048,WH-004,10,1144.04,11440.4,2024-11-10,Ordered,USR-003
PO-00859,2025-05-13,PRD-0346,SUP-024,WH-004,20,1346.41,26928.2,2025-05-16,Approved,USR-005
PO-00860,2024-12-13,PRD-0273,SUP-028,WH-003,200,661.41,132282.0,2024-12-22,Cancelled,USR-020
PO-00861,2025-06-06,PRD-0182,SUP-015,WH-005,10,981.95,9819.5,2025-06-11,Ordered,USR-008
PO-00862,2025-08-15,PRD-0018,SUP-044,WH-003,50,3497.82,174891.0,2025-09-02,Partially Received,USR-013
PO-00863,2026-04-05,PRD-0345,SUP-002,WH-002,200,487.11,97422.0,2026-04-09,Cancelled,USR-014
PO-00864,2025-08-24,PRD-0436,SUP-026,WH-002,50,2765.3,138265.0,2025-09-09,Partially Received,USR-011
PO-00865,2025-06-11,PRD-0103,SUP-005,WH-004,20,4163.8,83276.0,2025-07-04,Pending Approval,USR-002
PO-00866,2024-12-02,PRD-0337,SUP-014,WH-004,10,1149.37,11493.7,2024-12-13,Draft,USR-014
PO-00867,2025-07-24,PRD-0212,SUP-029,WH-005,200,3324.3,664860.0,2025-08-04,Received,USR-007
PO-00868,2026-04-16,PRD-0280,SUP-011,WH-004,50,2593.42,129671.0,2026-04-24,Approved,USR-010
PO-00869,2026-08-05,PRD-0055,SUP-023,WH-005,200,741.99,148398.0,2026-08-12,Partially Received,USR-012
PO-00870,2025-11-10,PRD-0067,SUP-007,WH-004,10,3474.94,34749.4,2025-11-28,Approved,USR-004
PO-00871,2025-01-03,PRD-0134,SUP-027,WH-001,20,2017.79,40355.8,2025-01-28,Received,USR-003
PO-00872,2026-03-27,PRD-0291,SUP-036,WH-005,10,3692.8,36928.0,2026-04-04,Received,USR-020
PO-00873,2026-04-18,PRD-0023,SUP-019,WH-003,20,3097.8,61956.0,2026-05-09,Ordered,USR-011
PO-00874,2026-09-05,PRD-0387,SUP-005,WH-001,10,519.85,5198.5,2026-09-28,Pending Approval,USR-001
PO-00875,2025-09-19,PRD-0284,SUP-002,WH-003,200,309.35,61870.0,2025-09-23,Partially Received,USR-011
PO-00876,2025-07-01,PRD-0475,SUP-028,WH-002,10,983.57,9835.7,2025-07-10,Ordered,USR-018
PO-00877,2024-10-10,PRD-0202,SUP-044,WH-004,100,3239.86,323986.0,2024-10-28,Pending Approval,USR-010
PO-00878,2025-06-05,PRD-0381,SUP-047,WH-001,10,2205.92,22059.2,2025-06-18,Received,USR-019
PO-00879,2025-10-11,PRD-0161,SUP-018,WH-001,200,1994.15,398830.0,2025-10-23,Received,USR-002
PO-00880,2025-12-22,PRD-0023,SUP-018,WH-004,200,2941.36,588272.0,2026-01-03,Received,USR-010
PO-00881,2025-09-18,PRD-0422,SUP-050,WH-003,20,5186.34,103726.8,2025-10-02,Draft,USR-004
PO-00882,2026-03-20,PRD-0162,SUP-042,WH-002,100,3889.75,388975.0,2026-03-31,Approved,USR-010
PO-00883,2025-09-20,PRD-0086,SUP-049,WH-004,20,5021.54,100430.8,2025-10-08,Approved,USR-007
PO-00884,2026-05-02,PRD-0281,SUP-036,WH-003,50,3308.68,165434.0,2026-05-10,Partially Received,USR-016
PO-00885,2024-12-24,PRD-0039,SUP-024,WH-003,10,5366.69,53666.9,2024-12-27,Cancelled,USR-012
PO-00886,2025-03-31,PRD-0064,SUP-034,WH-002,20,3157.06,63141.2,2025-04-14,Cancelled,USR-018
PO-00887,2026-02-26,PRD-0434,SUP-011,WH-002,100,5018.36,501836.0,2026-03-06,Draft,USR-006
PO-00888,2025-02-23,PRD-0331,SUP-014,WH-004,200,2871.19,574238.0,2025-03-06,Cancelled,USR-002
PO-00889,2025-03-21,PRD-0298,SUP-025,WH-005,200,1526.77,305354.0,2025-04-13,Cancelled,USR-002
PO-00890,2026-03-06,PRD-0132,SUP-012,WH-002,50,241.15,12057.5,2026-03-23,Approved,USR-018
PO-00891,2026-04-12,PRD-0189,SUP-023,WH-002,50,1552.28,77614.0,2026-04-19,Ordered,USR-015
PO-00892,2026-02-27,PRD-0382,SUP-027,WH-004,50,1878.2,93910.0,2026-03-24,Ordered,USR-009
PO-00893,2025-01-21,PRD-0251,SUP-015,WH-005,200,1480.08,296016.0,2025-01-26,Cancelled,USR-009
PO-00894,2025-05-05,PRD-0168,SUP-020,WH-004,100,5416.46,541646.0,2025-05-19,Draft,USR-008
PO-00895,2024-10-01,PRD-0010,SUP-038,WH-005,100,3605.42,360542.0,2024-10-04,Draft,USR-020
PO-00896,2024-10-19,PRD-0353,SUP-013,WH-001,50,3377.89,168894.5,2024-10-25,Pending Approval,USR-015
PO-00897,2025-10-26,PRD-0121,SUP-034,WH-003,50,3975.9,198795.0,2025-11-09,Approved,USR-009
PO-00898,2025-01-23,PRD-0385,SUP-028,WH-005,10,3111.57,31115.7,2025-02-01,Ordered,USR-004
PO-00899,2025-07-20,PRD-0269,SUP-015,WH-002,100,288.79,28879.0,2025-07-25,Partially Received,USR-016
PO-00900,2025-07-08,PRD-0373,SUP-039,WH-001,10,3911.99,39119.9,2025-07-21,Ordered,USR-017
PO-00901,2025-04-28,PRD-0110,SUP-020,WH-001,50,1152.4,57620.0,2025-05-12,Ordered,USR-003
PO-00902,2025-07-15,PRD-0156,SUP-008,WH-003,20,1526.7,30534.0,2025-08-07,Draft,USR-008
PO-00903,2026-09-08,PRD-0169,SUP-002,WH-004,20,4377.26,87545.2,2026-09-12,Cancelled,USR-001
PO-00904,2026-05-02,PRD-0311,SUP-050,WH-002,50,1584.07,79203.5,2026-05-16,Draft,USR-003
PO-00905,2025-11-16,PRD-0362,SUP-043,WH-001,20,4062.9,81258.0,2025-11-23,Ordered,USR-020
PO-00906,2024-12-24,PRD-0463,SUP-014,WH-003,50,741.37,37068.5,2025-01-04,Ordered,USR-013
PO-00907,2025-04-03,PRD-0198,SUP-039,WH-004,10,3690.88,36908.8,2025-04-16,Received,USR-012
PO-00908,2026-05-17,PRD-0347,SUP-014,WH-003,10,2485.88,24858.8,2026-05-28,Partially Received,USR-007
PO-00909,2025-06-20,PRD-0129,SUP-029,WH-003,50,3808.34,190417.0,2025-07-01,Ordered,USR-005
PO-00910,2025-06-09,PRD-0372,SUP-049,WH-005,200,1995.37,399074.0,2025-06-27,Partially Received,USR-002
PO-00911,2026-07-31,PRD-0368,SUP-003,WH-005,200,5172.55,1034510.0,2026-08-14,Received,USR-016
PO-00912,2025-01-17,PRD-0197,SUP-001,WH-001,20,1606.16,32123.2,2025-01-23,Partially Received,USR-004
PO-00913,2025-10-14,PRD-0485,SUP-017,WH-005,10,2945.85,29458.5,2025-11-01,Pending Approval,USR-018
PO-00914,2026-01-18,PRD-0157,SUP-023,WH-003,200,598.93,119786.0,2026-01-25,Cancelled,USR-006
PO-00915,2025-07-01,PRD-0428,SUP-011,WH-003,100,4649.86,464986.0,2025-07-09,Ordered,USR-016
PO-00916,2026-06-20,PRD-0188,SUP-045,WH-002,200,3839.05,767810.0,2026-07-05,Partially Received,USR-017
PO-00917,2024-11-21,PRD-0215,SUP-048,WH-005,100,1554.66,155466.0,2024-12-06,Ordered,USR-002
PO-00918,2026-01-14,PRD-0266,SUP-020,WH-004,10,1118.55,11185.5,2026-01-28,Approved,USR-002
PO-00919,2025-09-20,PRD-0106,SUP-029,WH-005,100,3337.96,333796.0,2025-10-01,Partially Received,USR-011
PO-00920,2025-07-18,PRD-0184,SUP-033,WH-005,50,3857.02,192851.0,2025-08-03,Draft,USR-019
PO-00921,2025-08-22,PRD-0251,SUP-005,WH-005,20,1456.23,29124.6,2025-09-14,Pending Approval,USR-015
PO-00922,2025-12-26,PRD-0153,SUP-013,WH-005,20,2815.23,56304.6,2026-01-01,Cancelled,USR-019
PO-00923,2026-02-26,PRD-0423,SUP-025,WH-003,50,552.94,27647.0,2026-03-21,Draft,USR-013
PO-00924,2026-01-15,PRD-0215,SUP-004,WH-004,50,2061.95,103097.5,2026-01-27,Partially Received,USR-012
PO-00925,2025-11-30,PRD-0179,SUP-044,WH-005,200,2193.5,438700.0,2025-12-18,Cancelled,USR-003
PO-00926,2025-12-12,PRD-0064,SUP-034,WH-005,100,3157.06,315706.0,2025-12-26,Ordered,USR-004
PO-00927,2025-08-20,PRD-0144,SUP-049,WH-005,10,1945.0,19450.0,2025-09-07,Cancelled,USR-006
PO-00928,2024-12-04,PRD-0022,SUP-026,WH-002,20,3091.92,61838.4,2024-12-20,Pending Approval,USR-011
PO-00929,2025-07-08,PRD-0315,SUP-014,WH-005,10,2572.77,25727.7,2025-07-19,Cancelled,USR-014
PO-00930,2025-03-20,PRD-0347,SUP-049,WH-001,10,2498.63,24986.3,2025-04-07,Draft,USR-017
PO-00931,2025-06-03,PRD-0405,SUP-040,WH-003,100,2729.96,272996.0,2025-06-08,Cancelled,USR-011
PO-00932,2026-02-20,PRD-0496,SUP-027,WH-004,100,338.6,33860.0,2026-03-17,Draft,USR-006
PO-00933,2026-04-05,PRD-0001,SUP-041,WH-005,50,3029.08,151454.0,2026-04-23,Approved,USR-012
PO-00934,2026-03-25,PRD-0269,SUP-009,WH-002,20,245.28,4905.6,2026-04-07,Cancelled,USR-004
PO-00935,2026-07-18,PRD-0488,SUP-034,WH-002,200,1526.1,305220.0,2026-08-01,Partially Received,USR-014
PO-00936,2024-12-12,PRD-0396,SUP-008,WH-003,100,3974.38,397438.0,2025-01-04,Approved,USR-014
PO-00937,2025-05-12,PRD-0275,SUP-042,WH-003,20,338.06,6761.2,2025-05-23,Partially Received,USR-008
PO-00938,2026-05-27,PRD-0052,SUP-004,WH-003,20,437.08,8741.6,2026-06-08,Pending Approval,USR-004
PO-00939,2025-08-13,PRD-0173,SUP-007,WH-001,10,1342.69,13426.9,2025-08-31,Ordered,USR-018
PO-00940,2024-12-02,PRD-0438,SUP-035,WH-004,20,1895.77,37915.4,2024-12-17,Ordered,USR-002
PO-00941,2025-05-09,PRD-0134,SUP-046,WH-003,50,1560.83,78041.5,2025-05-18,Ordered,USR-002
PO-00942,2024-11-27,PRD-0430,SUP-037,WH-003,20,1007.24,20144.8,2024-12-03,Ordered,USR-009
PO-00943,2025-09-11,PRD-0033,SUP-006,WH-003,20,3973.29,79465.8,2025-10-06,Pending Approval,USR-009
PO-00944,2026-06-27,PRD-0181,SUP-046,WH-003,50,2414.13,120706.5,2026-07-06,Approved,USR-008
PO-00945,2025-01-29,PRD-0126,SUP-024,WH-005,200,254.57,50914.0,2025-02-01,Approved,USR-001
PO-00946,2026-06-15,PRD-0384,SUP-003,WH-003,20,1932.7,38654.0,2026-06-29,Received,USR-005
PO-00947,2025-10-11,PRD-0053,SUP-029,WH-005,10,595.7,5957.0,2025-10-22,Ordered,USR-014
PO-00948,2026-02-09,PRD-0355,SUP-026,WH-002,50,3248.25,162412.5,2026-02-25,Draft,USR-011
PO-00949,2025-01-25,PRD-0439,SUP-003,WH-005,100,3040.2,304020.0,2025-02-08,Partially Received,USR-005
PO-00950,2026-01-04,PRD-0407,SUP-020,WH-003,50,3500.09,175004.5,2026-01-18,Draft,USR-020
PO-00951,2026-02-25,PRD-0029,SUP-036,WH-005,100,3953.66,395366.0,2026-03-05,Received,USR-001
PO-00952,2025-09-10,PRD-0182,SUP-029,WH-004,10,1225.26,12252.6,2025-09-21,Pending Approval,USR-010
PO-00953,2025-08-29,PRD-0443,SUP-030,WH-004,10,2148.65,21486.5,2025-09-15,Partially Received,USR-016
PO-00954,2025-08-27,PRD-0055,SUP-029,WH-002,200,752.28,150456.0,2025-09-07,Ordered,USR-011
PO-00955,2025-06-04,PRD-0369,SUP-018,WH-001,20,617.69,12353.8,2025-06-16,Pending Approval,USR-015
PO-00956,2025-11-06,PRD-0429,SUP-022,WH-002,10,2081.49,20814.9,2025-11-27,Received,USR-003
PO-00957,2026-08-07,PRD-0468,SUP-027,WH-003,100,471.32,47132.0,2026-09-01,Received,USR-003
PO-00958,2026-09-23,PRD-0022,SUP-013,WH-005,10,3162.53,31625.3,2026-09-29,Draft,USR-013
PO-00959,2025-11-03,PRD-0378,SUP-011,WH-002,100,313.34,31334.0,2025-11-11,Ordered,USR-017
PO-00960,2025-05-26,PRD-0154,SUP-003,WH-001,100,2103.8,210380.0,2025-06-09,Approved,USR-013
PO-00961,2026-08-04,PRD-0370,SUP-044,WH-005,50,1576.56,78828.0,2026-08-22,Ordered,USR-016
PO-00962,2024-10-27,PRD-0468,SUP-050,WH-005,200,466.06,93212.0,2024-11-10,Received,USR-003
PO-00963,2026-05-18,PRD-0320,SUP-001,WH-002,20,1911.32,38226.4,2026-05-24,Ordered,USR-015
PO-00964,2025-06-12,PRD-0227,SUP-045,WH-002,200,2364.2,472840.0,2025-06-27,Received,USR-009
PO-00965,2025-02-04,PRD-0270,SUP-013,WH-005,200,3835.46,767092.0,2025-02-10,Partially Received,USR-013
PO-00966,2026-03-08,PRD-0076,SUP-042,WH-005,50,1382.67,69133.5,2026-03-19,Pending Approval,USR-019
PO-00967,2026-09-04,PRD-0300,SUP-033,WH-003,200,252.11,50422.0,2026-09-20,Ordered,USR-013
PO-00968,2025-12-18,PRD-0421,SUP-026,WH-001,10,2288.08,22880.8,2026-01-03,Ordered,USR-019
PO-00969,2025-05-27,PRD-0319,SUP-008,WH-001,100,327.93,32793.0,2025-06-19,Received,USR-006
PO-00970,2026-07-23,PRD-0153,SUP-013,WH-005,100,2815.23,281523.0,2026-07-29,Received,USR-014
PO-00971,2026-05-18,PRD-0054,SUP-025,WH-004,20,4169.36,83387.2,2026-06-10,Pending Approval,USR-019
PO-00972,2025-06-30,PRD-0008,SUP-037,WH-003,50,1354.89,67744.5,2025-07-06,Ordered,USR-020
PO-00973,2025-08-25,PRD-0164,SUP-011,WH-005,20,4258.03,85160.6,2025-09-02,Ordered,USR-008
PO-00974,2025-03-18,PRD-0242,SUP-017,WH-003,10,4061.26,40612.6,2025-04-05,Cancelled,USR-009
PO-00975,2026-09-08,PRD-0359,SUP-005,WH-005,20,2127.8,42556.0,2026-10-01,Ordered,USR-003
PO-00976,2025-08-28,PRD-0447,SUP-023,WH-002,50,3291.85,164592.5,2025-09-04,Partially Received,USR-018
PO-00977,2026-07-26,PRD-0103,SUP-044,WH-005,10,4591.16,45911.6,2026-08-13,Cancelled,USR-012
PO-00978,2026-07-12,PRD-0280,SUP-013,WH-001,100,2958.52,295852.0,2026-07-18,Ordered,USR-020
PO-00979,2024-12-18,PRD-0089,SUP-039,WH-005,100,4502.8,450280.0,2024-12-31,Partially Received,USR-003
PO-00980,2025-02-04,PRD-0381,SUP-033,WH-005,10,2098.7,20987.0,2025-02-20,Approved,USR-017
PO-00981,2025-08-05,PRD-0102,SUP-038,WH-002,100,1455.35,145535.0,2025-08-08,Partially Received,USR-008
PO-00982,2026-06-18,PRD-0429,SUP-025,WH-005,200,2031.95,406390.0,2026-07-11,Pending Approval,USR-006
PO-00983,2025-10-21,PRD-0036,SUP-012,WH-005,100,4369.83,436983.0,2025-11-07,Cancelled,USR-018
PO-00984,2025-07-02,PRD-0243,SUP-035,WH-001,100,1128.04,112804.0,2025-07-17,Approved,USR-003
PO-00985,2025-10-15,PRD-0391,SUP-021,WH-002,100,3388.94,338894.0,2025-10-22,Cancelled,USR-008
PO-00986,2025-07-10,PRD-0468,SUP-050,WH-002,100,466.06,46606.0,2025-07-24,Ordered,USR-006
PO-00987,2024-12-20,PRD-0227,SUP-045,WH-005,10,2364.2,23642.0,2025-01-04,Cancelled,USR-019
PO-00988,2025-03-22,PRD-0251,SUP-015,WH-002,20,1480.08,29601.6,2025-03-27,Cancelled,USR-018
PO-00989,2025-08-13,PRD-0008,SUP-037,WH-005,10,1354.89,13548.9,2025-08-19,Draft,USR-008
PO-00990,2025-03-23,PRD-0115,SUP-011,WH-001,200,889.19,177838.0,2025-03-31,Pending Approval,USR-011
PO-00991,2026-07-19,PRD-0034,SUP-002,WH-002,50,2264.92,113246.0,2026-07-23,Draft,USR-006
PO-00992,2024-10-22,PRD-0212,SUP-005,WH-004,100,3264.24,326424.0,2024-11-14,Approved,USR-015
PO-00993,2025-02-25,PRD-0472,SUP-004,WH-001,50,3981.86,199093.0,2025-03-09,Received,USR-006
PO-00994,2026-09-25,PRD-0111,SUP-034,WH-004,10,2962.47,29624.7,2026-10-09,Partially Received,USR-017
PO-00995,2026-03-08,PRD-0164,SUP-033,WH-001,10,3812.69,38126.9,2026-03-24,Approved,USR-014
PO-00996,2026-08-04,PRD-0335,SUP-015,WH-001,20,352.75,7055.0,2026-08-09,Ordered,USR-011
PO-00997,2024-11-14,PRD-0074,SUP-017,WH-001,20,1392.91,27858.2,2024-12-02,Approved,USR-014
PO-00998,2025-11-06,PRD-0243,SUP-001,WH-005,100,1325.13,132513.0,2025-11-12,Approved,USR-003
PO-00999,2026-04-04,PRD-0260,SUP-004,WH-001,200,4451.8,890360.0,2026-04-16,Approved,USR-015
PO-01000,2025-10-19,PRD-0029,SUP-036,WH-002,200,3953.66,790732.0,2025-10-27,Received,USR-018
