offer_id,product_id,supplier_id,unit_cost,lead_time_days,minimum_order_quantity,reliability_score
OFR-00001,PRD-0001,SUP-028,3144.47,9,5,0.85
OFR-00002,PRD-0001,SUP-036,2919.57,8,10,0.93
OFR-00003,PRD-0001,SUP-041,3029.08,18,10,0.95
OFR-00004,PRD-0002,SUP-037,1150.47,6,5,0.95
OFR-00005,PRD-0002,SUP-048,1144.04,15,20,0.72
OFR-00006,PRD-0002,SUP-029,1375.44,11,50,0.98
OFR-00007,PRD-0003,SUP-013,3509.08,6,20,0.74
OFR-00008,PRD-0003,SUP-040,3270.61,5,20,0.91
OFR-00009,PRD-0003,SUP-010,3765.81,11,10,0.75
OFR-00010,PRD-0004,SUP-007,2644.99,18,5,0.73
OFR-00011,PRD-0004,SUP-049,3072.99,18,20,0.81
OFR-00012,PRD-0004,SUP-012,3405.53,17,5,0.76
OFR-00013,PRD-0005,SUP-043,633.44,7,20,0.78
OFR-00014,PRD-0005,SUP-030,481.11,17,50,0.96
OFR-00015,PRD-0005,SUP-007,491.31,18,50,0.73
OFR-00016,PRD-0006,SUP-050,3431.33,14,10,0.99
OFR-00017,PRD-0006,SUP-041,2711.39,18,10,0.95
OFR-00018,PRD-0006,SUP-039,3302.93,13,5,0.86
OFR-00019,PRD-0007,SUP-014,3796.56,11,50,0.94
OFR-00020,PRD-0007,SUP-016,3835.69,19,20,0.94
OFR-00021,PRD-0007,SUP-023,3467.24,7,50,0.91
OFR-00022,PRD-0008,SUP-045,1226.38,15,10,0.73
OFR-00023,PRD-0008,SUP-050,1085.72,14,50,0.99
OFR-00024,PRD-0008,SUP-037,1354.89,6,20,0.95
OFR-00025,PRD-0009,SUP-022,4208.02,21,5,0.93
OFR-00026,PRD-0009,SUP-038,3795.36,3,5,0.89
OFR-00027,PRD-0009,SUP-003,3728.49,14,5,0.89
OFR-00028,PRD-0010,SUP-038,3605.42,3,20,0.89
OFR-00029,PRD-0010,SUP-024,4043.38,3,20,0.82
OFR-00030,PRD-0010,SUP-045,3587.93,15,50,0.73
OFR-00031,PRD-0011,SUP-038,761.41,3,20,0.89
OFR-00032,PRD-0011,SUP-046,761.62,9,10,0.94
OFR-00033,PRD-0011,SUP-037,889.44,6,5,0.95
OFR-00034,PRD-0012,SUP-029,637.44,11,5,0.98
OFR-00035,PRD-0012,SUP-047,583.7,13,50,0.97
OFR-00036,PRD-0012,SUP-008,491.66,23,10,0.82
OFR-00037,PRD-0013,SUP-044,4804.52,18,5,0.74
OFR-00038,PRD-0013,SUP-005,4405.35,23,20,0.9
OFR-00039,PRD-0013,SUP-021,4789.9,7,5,0.94
OFR-00040,PRD-0014,SUP-048,3777.63,15,5,0.72
OFR-00041,PRD-0014,SUP-022,3976.16,21,10,0.93
OFR-00042,PRD-0014,SUP-015,4283.91,5,10,0.85
OFR-00043,PRD-0015,SUP-036,788.09,8,5,0.93
OFR-00044,PRD-0015,SUP-038,664.55,3,20,0.89
OFR-00045,PRD-0015,SUP-042,812.76,11,20,0.72
OFR-00046,PRD-0016,SUP-004,2844.0,12,50,0.94
OFR-00047,PRD-0016,SUP-035,2439.3,15,50,0.98
OFR-00048,PRD-0016,SUP-026,2636.6,16,50,0.88
OFR-00049,PRD-0017,SUP-045,2755.17,15,50,0.73
OFR-00050,PRD-0017,SUP-017,2553.62,18,20,0.71
OFR-00051,PRD-0017,SUP-022,2605.41,21,10,0.93
OFR-00052,PRD-0018,SUP-044,3497.82,18,5,0.74
OFR-00053,PRD-0018,SUP-017,3766.82,18,50,0.71
OFR-00054,PRD-0018,SUP-027,3491.5,25,50,0.93
OFR-00055,PRD-0019,SUP-025,3755.83,23,10,0.91
OFR-00056,PRD-0019,SUP-024,4006.04,3,20,0.82
OFR-00057,PRD-0019,SUP-036,3960.39,8,10,0.93
OFR-00058,PRD-0020,SUP-013,1488.41,6,5,0.74
OFR-00059,PRD-0020,SUP-015,1463.99,5,50,0.85
OFR-00060,PRD-0020,SUP-005,1546.26,23,50,0.9
OFR-00061,PRD-0021,SUP-008,1770.4,23,10,0.82
OFR-00062,PRD-0021,SUP-045,2158.2,15,20,0.73
OFR-00063,PRD-0021,SUP-044,1929.72,18,20,0.74
OFR-00064,PRD-0022,SUP-033,4035.01,16,50,0.92
OFR-00065,PRD-0022,SUP-013,3162.53,6,5,0.74
OFR-00066,PRD-0022,SUP-026,3091.92,16,50,0.88
OFR-00067,PRD-0023,SUP-015,3633.37,5,50,0.85
OFR-00068,PRD-0023,SUP-019,3097.8,21,50,0.74
OFR-00069,PRD-0023,SUP-018,2941.36,12,10,0.95
OFR-00070,PRD-0024,SUP-009,952.41,13,5,0.71
OFR-00071,PRD-0024,SUP-006,855.75,25,5,0.99
OFR-00072,PRD-0024,SUP-033,910.31,16,10,0.92
OFR-00073,PRD-0025,SUP-037,5108.7,6,10,0.95
OFR-00074,PRD-0025,SUP-047,4485.4,13,5,0.97
OFR-00075,PRD-0025,SUP-008,4320.99,23,5,0.82
OFR-00076,PRD-0026,SUP-003,3342.03,14,5,0.89
OFR-00077,PRD-0026,SUP-044,3597.9,18,20,0.74
OFR-00078,PRD-0026,SUP-011,3353.9,8,20,0.8
OFR-00079,PRD-0027,SUP-015,4647.03,5,10,0.85
OFR-00080,PRD-0027,SUP-021,4348.28,7,5,0.94
OFR-00081,PRD-0027,SUP-047,3906.25,13,20,0.97
OFR-00082,PRD-0028,SUP-012,1614.34,17,20,0.76
OFR-00083,PRD-0028,SUP-017,1207.05,18,10,0.71
OFR-00084,PRD-0028,SUP-010,1249.76,11,5,0.75
OFR-00085,PRD-0029,SUP-036,3953.66,8,10,0.93
OFR-00086,PRD-0029,SUP-027,4476.45,25,10,0.93
OFR-00087,PRD-0029,SUP-046,4916.45,9,20,0.94
OFR-00088,PRD-0030,SUP-042,3696.64,11,20,0.72
OFR-00089,PRD-0030,SUP-021,3061.56,7,20,0.94
OFR-00090,PRD-0030,SUP-033,3771.63,16,20,0.92
OFR-00091,PRD-0031,SUP-033,743.27,16,50,0.92
OFR-00092,PRD-0031,SUP-005,864.47,23,10,0.9
OFR-00093,PRD-0031,SUP-006,838.47,25,10,0.99
OFR-00094,PRD-0032,SUP-050,3728.15,14,20,0.99
OFR-00095,PRD-0032,SUP-017,3694.84,18,50,0.71
OFR-00096,PRD-0032,SUP-042,3719.35,11,20,0.72
OFR-00097,PRD-0033,SUP-006,3973.29,25,50,0.99
OFR-00098,PRD-0033,SUP-028,3756.23,9,50,0.85
OFR-00099,PRD-0033,SUP-038,3738.38,3,5,0.89
OFR-00100,PRD-0034,SUP-017,2243.45,18,20,0.71
OFR-00101,PRD-0034,SUP-040,2108.77,5,20,0.91
OFR-00102,PRD-0034,SUP-002,2264.92,4,50,0.79
OFR-00103,PRD-0035,SUP-040,2902.81,5,10,0.91
OFR-00104,PRD-0035,SUP-027,2475.88,25,20,0.93
OFR-00105,PRD-0035,SUP-023,2382.48,7,50,0.91
OFR-00106,PRD-0036,SUP-030,4068.2,17,20,0.96
OFR-00107,PRD-0036,SUP-012,4369.83,17,50,0.76
OFR-00108,PRD-0036,SUP-019,3797.62,21,10,0.74
OFR-00109,PRD-0037,SUP-050,964.13,14,20,0.99
OFR-00110,PRD-0037,SUP-038,756.48,3,10,0.89
OFR-00111,PRD-0037,SUP-014,927.56,11,20,0.94
OFR-00112,PRD-0038,SUP-030,430.84,17,20,0.96
OFR-00113,PRD-0038,SUP-018,404.34,12,5,0.95
OFR-00114,PRD-0038,SUP-001,420.28,6,5,0.87
OFR-00115,PRD-0039,SUP-003,4670.62,14,10,0.89
OFR-00116,PRD-0039,SUP-024,5366.69,3,20,0.82
OFR-00117,PRD-0039,SUP-048,5480.48,15,5,0.72
OFR-00118,PRD-0040,SUP-034,5503.45,14,10,0.85
OFR-00119,PRD-0040,SUP-030,4216.52,17,50,0.96
OFR-00120,PRD-0040,SUP-050,4200.28,14,5,0.99
OFR-00121,PRD-0041,SUP-050,3244.08,14,5,0.99
OFR-00122,PRD-0041,SUP-019,3091.65,21,20,0.74
OFR-00123,PRD-0041,SUP-010,2988.27,11,10,0.75
OFR-00124,PRD-0042,SUP-014,3901.86,11,20,0.94
OFR-00125,PRD-0042,SUP-040,3375.75,5,5,0.91
OFR-00126,PRD-0042,SUP-031,3349.53,8,20,0.81
OFR-00127,PRD-0043,SUP-020,1691.7,14,50,0.74
OFR-00128,PRD-0043,SUP-037,1359.04,6,20,0.95
OFR-00129,PRD-0043,SUP-029,1514.62,11,50,0.98
OFR-00130,PRD-0044,SUP-038,99.56,3,5,0.89
OFR-00131,PRD-0044,SUP-007,112.1,18,5,0.73
OFR-00132,PRD-0044,SUP-048,102.44,15,10,0.72
OFR-00133,PRD-0045,SUP-048,3984.27,15,50,0.72
OFR-00134,PRD-0045,SUP-008,3900.93,23,5,0.82
OFR-00135,PRD-0045,SUP-003,3705.68,14,10,0.89
OFR-00136,PRD-0046,SUP-010,4998.48,11,50,0.75
OFR-00137,PRD-0046,SUP-015,3858.28,5,10,0.85
OFR-00138,PRD-0046,SUP-004,3982.77,12,20,0.94
OFR-00139,PRD-0047,SUP-041,3441.3,18,20,0.95
OFR-00140,PRD-0047,SUP-043,2836.31,7,20,0.78
OFR-00141,PRD-0047,SUP-033,2700.4,16,50,0.92
OFR-00142,PRD-0048,SUP-009,4061.95,13,5,0.71
OFR-00143,PRD-0048,SUP-004,3643.0,12,50,0.94
OFR-00144,PRD-0048,SUP-046,3276.91,9,50,0.94
OFR-00145,PRD-0049,SUP-026,4462.74,16,5,0.88
OFR-00146,PRD-0049,SUP-032,4456.1,20,10,0.99
OFR-00147,PRD-0049,SUP-040,4176.21,5,20,0.91
OFR-00148,PRD-0050,SUP-035,2439.38,15,50,0.98
OFR-00149,PRD-0050,SUP-037,2754.74,6,5,0.95
OFR-00150,PRD-0050,SUP-002,2412.36,4,50,0.79
OFR-00151,PRD-0051,SUP-005,4582.79,23,20,0.9
OFR-00152,PRD-0051,SUP-049,4521.94,18,10,0.81
OFR-00153,PRD-0051,SUP-048,4857.06,15,50,0.72
OFR-00154,PRD-0052,SUP-020,414.06,14,5,0.74
OFR-00155,PRD-0052,SUP-004,437.08,12,20,0.94
OFR-00156,PRD-0052,SUP-027,354.11,25,20,0.93
OFR-00157,PRD-0053,SUP-002,530.21,4,10,0.79
OFR-00158,PRD-0053,SUP-003,512.75,14,5,0.89
OFR-00159,PRD-0053,SUP-029,595.7,11,50,0.98
OFR-00160,PRD-0054,SUP-011,4612.27,8,10,0.8
OFR-00161,PRD-0054,SUP-050,4636.41,14,20,0.99
OFR-00162,PRD-0054,SUP-025,4169.36,23,5,0.91
OFR-00163,PRD-0055,SUP-004,710.34,12,50,0.94
OFR-00164,PRD-0055,SUP-023,741.99,7,10,0.91
OFR-00165,PRD-0055,SUP-029,752.28,11,10,0.98
OFR-00166,PRD-0056,SUP-046,965.39,9,10,0.94
OFR-00167,PRD-0056,SUP-041,905.08,18,20,0.95
OFR-00168,PRD-0056,SUP-039,927.82,13,10,0.86
OFR-00169,PRD-0057,SUP-030,2492.8,17,50,0.96
OFR-00170,PRD-0057,SUP-021,2043.81,7,50,0.94
OFR-00171,PRD-0057,SUP-017,2088.74,18,5,0.71
OFR-00172,PRD-0058,SUP-049,3655.37,18,5,0.81
OFR-00173,PRD-0058,SUP-019,4349.94,21,5,0.74
OFR-00174,PRD-0058,SUP-006,4356.18,25,20,0.99
OFR-00175,PRD-0059,SUP-033,2068.19,16,50,0.92
OFR-00176,PRD-0059,SUP-022,2086.2,21,50,0.93
OFR-00177,PRD-0059,SUP-049,1962.9,18,10,0.81
OFR-00178,PRD-0060,SUP-039,3847.74,13,10,0.86
OFR-00179,PRD-0060,SUP-021,4182.05,7,50,0.94
OFR-00180,PRD-0060,SUP-005,3878.52,23,20,0.9
OFR-00181,PRD-0061,SUP-008,1332.93,23,5,0.82
OFR-00182,PRD-0061,SUP-023,1241.15,7,20,0.91
OFR-00183,PRD-0061,SUP-042,1122.13,11,5,0.72
OFR-00184,PRD-0062,SUP-040,211.81,5,50,0.91
OFR-00185,PRD-0062,SUP-016,210.86,19,20,0.94
OFR-00186,PRD-0062,SUP-005,230.59,23,20,0.9
OFR-00187,PRD-0063,SUP-009,2562.76,13,10,0.71
OFR-00188,PRD-0063,SUP-037,2849.93,6,50,0.95
OFR-00189,PRD-0063,SUP-048,2790.77,15,5,0.72
OFR-00190,PRD-0064,SUP-010,3926.32,11,5,0.75
OFR-00191,PRD-0064,SUP-002,3472.25,4,10,0.79
OFR-00192,PRD-0064,SUP-034,3157.06,14,50,0.85
OFR-00193,PRD-0065,SUP-042,414.7,11,10,0.72
OFR-00194,PRD-0065,SUP-018,390.44,12,20,0.95
OFR-00195,PRD-0065,SUP-021,415.92,7,5,0.94
OFR-00196,PRD-0066,SUP-005,400.59,23,50,0.9
OFR-00197,PRD-0066,SUP-048,419.54,15,50,0.72
OFR-00198,PRD-0066,SUP-026,386.73,16,10,0.88
OFR-00199,PRD-0067,SUP-007,3474.94,18,50,0.73
OFR-00200,PRD-0067,SUP-002,3160.03,4,50,0.79
OFR-00201,PRD-0067,SUP-021,2972.11,7,10,0.94
OFR-00202,PRD-0068,SUP-019,775.5,21,5,0.74
OFR-00203,PRD-0068,SUP-042,787.16,11,20,0.72
OFR-00204,PRD-0068,SUP-031,663.25,8,5,0.81
OFR-00205,PRD-0069,SUP-005,2159.92,23,5,0.9
OFR-00206,PRD-0069,SUP-035,2088.36,15,5,0.98
OFR-00207,PRD-0069,SUP-011,2086.7,8,10,0.8
OFR-00208,PRD-0070,SUP-020,918.13,14,5,0.74
OFR-00209,PRD-0070,SUP-048,995.19,15,5,0.72
OFR-00210,PRD-0070,SUP-041,1099.21,18,10,0.95
OFR-00211,PRD-0071,SUP-033,1841.73,16,5,0.92
OFR-00212,PRD-0071,SUP-040,2108.13,5,10,0.91
OFR-00213,PRD-0071,SUP-005,1797.79,23,5,0.9
OFR-00214,PRD-0072,SUP-049,3729.18,18,5,0.81
OFR-00215,PRD-0072,SUP-023,4275.1,7,50,0.91
OFR-00216,PRD-0072,SUP-005,4753.93,23,10,0.9
OFR-00217,PRD-0073,SUP-029,380.5,11,10,0.98
OFR-00218,PRD-0073,SUP-021,439.08,7,5,0.94
OFR-00219,PRD-0073,SUP-050,396.37,14,5,0.99
OFR-00220,PRD-0074,SUP-023,1279.66,7,20,0.91
OFR-00221,PRD-0074,SUP-017,1392.91,18,50,0.71
OFR-00222,PRD-0074,SUP-027,1260.27,25,50,0.93
OFR-00223,PRD-0075,SUP-005,2461.62,23,20,0.9
OFR-00224,PRD-0075,SUP-003,1970.85,14,50,0.89
OFR-00225,PRD-0075,SUP-016,2058.38,19,10,0.94
OFR-00226,PRD-0076,SUP-042,1382.67,11,20,0.72
OFR-00227,PRD-0076,SUP-046,1642.85,9,5,0.94
OFR-00228,PRD-0076,SUP-050,1337.27,14,5,0.99
OFR-00229,PRD-0077,SUP-017,2379.15,18,50,0.71
OFR-00230,PRD-0077,SUP-041,2129.79,18,50,0.95
OFR-00231,PRD-0077,SUP-014,2471.97,11,5,0.94
OFR-00232,PRD-0078,SUP-020,336.52,14,5,0.74
OFR-00233,PRD-0078,SUP-034,380.39,14,10,0.85
OFR-00234,PRD-0078,SUP-038,391.02,3,5,0.89
OFR-00235,PRD-0079,SUP-040,4935.85,5,5,0.91
OFR-00236,PRD-0079,SUP-045,5204.39,15,10,0.73
OFR-00237,PRD-0079,SUP-022,4662.81,21,5,0.93
OFR-00238,PRD-0080,SUP-045,1943.54,15,50,0.73
OFR-00239,PRD-0080,SUP-037,2385.49,6,5,0.95
OFR-00240,PRD-0080,SUP-034,2156.21,14,20,0.85
OFR-00241,PRD-0081,SUP-044,4760.98,18,20,0.74
OFR-00242,PRD-0081,SUP-024,4968.09,3,10,0.82
OFR-00243,PRD-0081,SUP-008,3878.54,23,50,0.82
OFR-00244,PRD-0082,SUP-044,2029.06,18,5,0.74
OFR-00245,PRD-0082,SUP-019,1756.52,21,20,0.74
OFR-00246,PRD-0082,SUP-046,1846.08,9,5,0.94
OFR-00247,PRD-0083,SUP-013,5072.2,6,10,0.74
OFR-00248,PRD-0083,SUP-043,5261.53,7,50,0.78
OFR-00249,PRD-0083,SUP-011,5144.78,8,50,0.8
OFR-00250,PRD-0084,SUP-036,1914.64,8,20,0.93
OFR-00251,PRD-0084,SUP-031,2402.19,8,5,0.81
OFR-00252,PRD-0084,SUP-038,2260.01,3,10,0.89
OFR-00253,PRD-0085,SUP-041,744.65,18,20,0.95
OFR-00254,PRD-0085,SUP-032,832.33,20,20,0.99
OFR-00255,PRD-0085,SUP-006,933.26,25,10,0.99
OFR-00256,PRD-0086,SUP-008,5254.12,23,20,0.82
OFR-00257,PRD-0086,SUP-049,5021.54,18,5,0.81
OFR-00258,PRD-0086,SUP-026,5193.76,16,10,0.88
OFR-00259,PRD-0087,SUP-023,388.45,7,50,0.91
OFR-00260,PRD-0087,SUP-019,447.6,21,20,0.74
OFR-00261,PRD-0087,SUP-017,356.25,18,10,0.71
OFR-00262,PRD-0088,SUP-039,297.49,13,5,0.86
OFR-00263,PRD-0088,SUP-003,388.02,14,20,0.89
OFR-00264,PRD-0088,SUP-050,294.24,14,50,0.99
OFR-00265,PRD-0089,SUP-004,4931.05,12,50,0.94
OFR-00266,PRD-0089,SUP-039,4502.8,13,50,0.86
OFR-00267,PRD-0089,SUP-029,4488.7,11,50,0.98
OFR-00268,PRD-0090,SUP-024,363.16,3,50,0.82
OFR-00269,PRD-0090,SUP-027,325.85,25,50,0.93
OFR-00270,PRD-0090,SUP-050,328.41,14,50,0.99
OFR-00271,PRD-0091,SUP-008,4209.63,23,50,0.82
OFR-00272,PRD-0091,SUP-014,4590.33,11,50,0.94
OFR-00273,PRD-0091,SUP-001,4160.69,6,50,0.87
OFR-00274,PRD-0092,SUP-026,398.92,16,50,0.88
OFR-00275,PRD-0092,SUP-049,461.22,18,10,0.81
OFR-00276,PRD-0092,SUP-047,473.02,13,50,0.97
OFR-00277,PRD-0093,SUP-043,771.45,7,10,0.78
OFR-00278,PRD-0093,SUP-004,748.62,12,10,0.94
OFR-00279,PRD-0093,SUP-042,613.84,11,50,0.72
OFR-00280,PRD-0094,SUP-006,3158.63,25,5,0.99
OFR-00281,PRD-0094,SUP-018,3351.59,12,5,0.95
OFR-00282,PRD-0094,SUP-010,3044.76,11,20,0.75
OFR-00283,PRD-0095,SUP-029,511.33,11,50,0.98
OFR-00284,PRD-0095,SUP-010,547.92,11,20,0.75
OFR-00285,PRD-0095,SUP-041,502.95,18,5,0.95
OFR-00286,PRD-0096,SUP-019,2769.03,21,10,0.74
OFR-00287,PRD-0096,SUP-031,2747.4,8,50,0.81
OFR-00288,PRD-0096,SUP-017,2402.23,18,20,0.71
OFR-00289,PRD-0097,SUP-003,3880.94,14,50,0.89
OFR-00290,PRD-0097,SUP-031,3228.99,8,5,0.81
OFR-00291,PRD-0097,SUP-001,3572.78,6,5,0.87
OFR-00292,PRD-0098,SUP-032,1262.43,20,20,0.99
OFR-00293,PRD-0098,SUP-040,1350.98,5,50,0.91
OFR-00294,PRD-0098,SUP-006,1571.42,25,20,0.99
OFR-00295,PRD-0099,SUP-017,2126.09,18,10,0.71
OFR-00296,PRD-0099,SUP-033,2066.84,16,20,0.92
OFR-00297,PRD-0099,SUP-014,2524.16,11,50,0.94
OFR-00298,PRD-0100,SUP-007,2618.85,18,5,0.73
OFR-00299,PRD-0100,SUP-037,2600.95,6,50,0.95
OFR-00300,PRD-0100,SUP-038,2588.25,3,10,0.89
OFR-00301,PRD-0101,SUP-038,453.54,3,10,0.89
OFR-00302,PRD-0101,SUP-015,490.24,5,10,0.85
OFR-00303,PRD-0101,SUP-022,466.31,21,20,0.93
OFR-00304,PRD-0102,SUP-038,1455.35,3,50,0.89
OFR-00305,PRD-0102,SUP-024,1198.9,3,50,0.82
OFR-00306,PRD-0102,SUP-027,1316.69,25,50,0.93
OFR-00307,PRD-0103,SUP-044,4591.16,18,10,0.74
OFR-00308,PRD-0103,SUP-005,4163.8,23,20,0.9
OFR-00309,PRD-0103,SUP-049,3968.65,18,10,0.81
OFR-00310,PRD-0104,SUP-021,1003.15,7,20,0.94
OFR-00311,PRD-0104,SUP-027,797.45,25,10,0.93
OFR-00312,PRD-0104,SUP-008,860.11,23,50,0.82
OFR-00313,PRD-0105,SUP-012,2689.99,17,20,0.76
OFR-00314,PRD-0105,SUP-042,2780.58,11,50,0.72
OFR-00315,PRD-0105,SUP-014,3134.02,11,5,0.94
OFR-00316,PRD-0106,SUP-029,3337.96,11,5,0.98
OFR-00317,PRD-0106,SUP-016,3592.85,19,20,0.94
OFR-00318,PRD-0106,SUP-033,3836.82,16,5,0.92
OFR-00319,PRD-0107,SUP-030,4208.24,17,20,0.96
OFR-00320,PRD-0107,SUP-036,4296.39,8,5,0.93
OFR-00321,PRD-0107,SUP-001,5024.65,6,20,0.87
OFR-00322,PRD-0108,SUP-050,1598.93,14,10,0.99
OFR-00323,PRD-0108,SUP-034,1417.17,14,10,0.85
OFR-00324,PRD-0108,SUP-006,1328.51,25,5,0.99
OFR-00325,PRD-0109,SUP-024,911.12,3,5,0.82
OFR-00326,PRD-0109,SUP-029,741.39,11,50,0.98
OFR-00327,PRD-0109,SUP-019,877.56,21,50,0.74
OFR-00328,PRD-0110,SUP-020,1152.4,14,10,0.74
OFR-00329,PRD-0110,SUP-042,1176.94,11,10,0.72
OFR-00330,PRD-0110,SUP-015,971.35,5,20,0.85
OFR-00331,PRD-0111,SUP-034,2962.47,14,20,0.85
OFR-00332,PRD-0111,SUP-031,3090.21,8,20,0.81
OFR-00333,PRD-0111,SUP-032,3017.77,20,20,0.99
OFR-00334,PRD-0112,SUP-016,2763.89,19,5,0.94
OFR-00335,PRD-0112,SUP-024,2853.35,3,20,0.82
OFR-00336,PRD-0112,SUP-013,2139.8,6,20,0.74
OFR-00337,PRD-0113,SUP-007,2861.82,18,50,0.73
OFR-00338,PRD-0113,SUP-030,3317.03,17,50,0.96
OFR-00339,PRD-0113,SUP-018,3192.37,12,10,0.95
OFR-00340,PRD-0114,SUP-024,112.67,3,10,0.82
OFR-00341,PRD-0114,SUP-032,127.49,20,5,0.99
OFR-00342,PRD-0114,SUP-006,118.55,25,20,0.99
OFR-00343,PRD-0115,SUP-005,1008.21,23,20,0.9
OFR-00344,PRD-0115,SUP-011,889.19,8,50,0.8
OFR-00345,PRD-0115,SUP-039,864.37,13,10,0.86
OFR-00346,PRD-0116,SUP-049,3263.12,18,5,0.81
OFR-00347,PRD-0116,SUP-016,4069.92,19,5,0.94
OFR-00348,PRD-0116,SUP-033,3513.6,16,50,0.92
OFR-00349,PRD-0117,SUP-004,720.98,12,5,0.94
OFR-00350,PRD-0117,SUP-011,665.96,8,20,0.8
OFR-00351,PRD-0117,SUP-007,613.86,18,10,0.73
OFR-00352,PRD-0118,SUP-015,285.49,5,50,0.85
OFR-00353,PRD-0118,SUP-027,259.49,25,10,0.93
OFR-00354,PRD-0118,SUP-020,304.98,14,50,0.74
OFR-00355,PRD-0119,SUP-010,3014.16,11,20,0.75
OFR-00356,PRD-0119,SUP-002,2932.86,4,5,0.79
OFR-00357,PRD-0119,SUP-048,2924.28,15,10,0.72
OFR-00358,PRD-0120,SUP-010,322.65,11,10,0.75
OFR-00359,PRD-0120,SUP-038,293.33,3,50,0.89
OFR-00360,PRD-0120,SUP-046,313.54,9,5,0.94
OFR-00361,PRD-0121,SUP-048,4105.57,15,50,0.72
OFR-00362,PRD-0121,SUP-034,3975.9,14,50,0.85
OFR-00363,PRD-0121,SUP-040,4236.81,5,5,0.91
OFR-00364,PRD-0122,SUP-025,2955.12,23,10,0.91
OFR-00365,PRD-0122,SUP-002,3466.35,4,5,0.79
OFR-00366,PRD-0122,SUP-038,3419.97,3,5,0.89
OFR-00367,PRD-0123,SUP-011,4090.89,8,5,0.8
OFR-00368,PRD-0123,SUP-014,4669.61,11,10,0.94
OFR-00369,PRD-0123,SUP-031,4087.13,8,10,0.81
OFR-00370,PRD-0124,SUP-016,3878.44,19,50,0.94
OFR-00371,PRD-0124,SUP-039,4020.54,13,20,0.86
OFR-00372,PRD-0124,SUP-036,3644.04,8,20,0.93
OFR-00373,PRD-0125,SUP-019,5601.87,21,5,0.74
OFR-00374,PRD-0125,SUP-006,5520.4,25,20,0.99
OFR-00375,PRD-0125,SUP-050,4825.65,14,20,0.99
OFR-00376,PRD-0126,SUP-024,254.57,3,5,0.82
OFR-00377,PRD-0126,SUP-026,234.62,16,20,0.88
OFR-00378,PRD-0126,SUP-016,222.72,19,10,0.94
OFR-00379,PRD-0127,SUP-008,4363.41,23,20,0.82
OFR-00380,PRD-0127,SUP-016,3555.42,19,5,0.94
OFR-00381,PRD-0127,SUP-009,3686.29,13,50,0.71
OFR-00382,PRD-0128,SUP-040,1006.67,5,50,0.91
OFR-00383,PRD-0128,SUP-003,982.75,14,50,0.89
OFR-00384,PRD-0128,SUP-013,825.08,6,20,0.74
OFR-00385,PRD-0129,SUP-029,3808.34,11,50,0.98
OFR-00386,PRD-0129,SUP-002,4666.54,4,10,0.79
OFR-00387,PRD-0129,SUP-047,4264.82,13,5,0.97
OFR-00388,PRD-0130,SUP-016,1136.25,19,20,0.94
OFR-00389,PRD-0130,SUP-008,981.94,23,5,0.82
OFR-00390,PRD-0130,SUP-021,1013.35,7,50,0.94
OFR-00391,PRD-0131,SUP-029,1663.19,11,5,0.98
OFR-00392,PRD-0131,SUP-020,1370.72,14,20,0.74
OFR-00393,PRD-0131,SUP-040,1686.15,5,10,0.91
OFR-00394,PRD-0132,SUP-041,223.2,18,20,0.95
OFR-00395,PRD-0132,SUP-012,241.15,17,20,0.76
OFR-00396,PRD-0132,SUP-016,187.28,19,20,0.94
OFR-00397,PRD-0133,SUP-031,1598.53,8,10,0.81
OFR-00398,PRD-0133,SUP-038,1672.79,3,5,0.89
OFR-00399,PRD-0133,SUP-047,1918.08,13,5,0.97
OFR-00400,PRD-0134,SUP-046,1560.83,9,50,0.94
OFR-00401,PRD-0134,SUP-003,1946.29,14,20,0.89
OFR-00402,PRD-0134,SUP-027,2017.79,25,50,0.93
OFR-00403,PRD-0135,SUP-018,2924.34,12,50,0.95
OFR-00404,PRD-0135,SUP-007,3794.9,18,10,0.73
OFR-00405,PRD-0135,SUP-003,3826.58,14,20,0.89
OFR-00406,PRD-0136,SUP-046,4239.58,9,20,0.94
OFR-00407,PRD-0136,SUP-017,5107.85,18,50,0.71
OFR-00408,PRD-0136,SUP-024,4396.52,3,5,0.82
OFR-00409,PRD-0137,SUP-048,990.57,15,5,0.72
OFR-00410,PRD-0137,SUP-047,853.7,13,50,0.97
OFR-00411,PRD-0137,SUP-005,944.49,23,10,0.9
OFR-00412,PRD-0138,SUP-013,604.34,6,5,0.74
OFR-00413,PRD-0138,SUP-017,688.69,18,10,0.71
OFR-00414,PRD-0138,SUP-025,602.83,23,10,0.91
OFR-00415,PRD-0139,SUP-008,3198.82,23,50,0.82
OFR-00416,PRD-0139,SUP-022,4072.14,21,10,0.93
OFR-00417,PRD-0139,SUP-014,3701.44,11,10,0.94
OFR-00418,PRD-0140,SUP-028,3143.8,9,50,0.85
OFR-00419,PRD-0140,SUP-010,3346.73,11,20,0.75
OFR-00420,PRD-0140,SUP-007,3105.06,18,20,0.73
OFR-00421,PRD-0141,SUP-024,2061.47,3,5,0.82
OFR-00422,PRD-0141,SUP-037,2238.33,6,20,0.95
OFR-00423,PRD-0141,SUP-009,2272.03,13,10,0.71
OFR-00424,PRD-0142,SUP-008,1162.48,23,50,0.82
OFR-00425,PRD-0142,SUP-011,1336.88,8,20,0.8
OFR-00426,PRD-0142,SUP-037,1321.5,6,10,0.95
OFR-00427,PRD-0143,SUP-024,2862.3,3,20,0.82
OFR-00428,PRD-0143,SUP-050,2967.86,14,50,0.99
OFR-00429,PRD-0143,SUP-025,2733.79,23,5,0.91
OFR-00430,PRD-0144,SUP-049,1945.0,18,10,0.81
OFR-00431,PRD-0144,SUP-042,1830.37,11,10,0.72
OFR-00432,PRD-0144,SUP-033,1901.0,16,10,0.92
OFR-00433,PRD-0145,SUP-015,2713.92,5,50,0.85
OFR-00434,PRD-0145,SUP-036,3172.84,8,20,0.93
OFR-00435,PRD-0145,SUP-028,2990.32,9,20,0.85
OFR-00436,PRD-0146,SUP-037,2431.27,6,20,0.95
OFR-00437,PRD-0146,SUP-008,2386.76,23,20,0.82
OFR-00438,PRD-0146,SUP-017,2838.83,18,5,0.71
OFR-00439,PRD-0147,SUP-045,2323.18,15,5,0.73
OFR-00440,PRD-0147,SUP-048,1801.69,15,10,0.72
OFR-00441,PRD-0147,SUP-027,1886.52,25,10,0.93
OFR-00442,PRD-0148,SUP-030,651.31,17,10,0.96
OFR-00443,PRD-0148,SUP-014,810.59,11,20,0.94
OFR-00444,PRD-0148,SUP-024,663.72,3,20,0.82
OFR-00445,PRD-0149,SUP-011,3550.12,8,5,0.8
OFR-00446,PRD-0149,SUP-020,3114.15,14,5,0.74
OFR-00447,PRD-0149,SUP-042,3671.7,11,5,0.72
OFR-00448,PRD-0150,SUP-009,2852.4,13,5,0.71
OFR-00449,PRD-0150,SUP-032,2746.16,20,20,0.99
OFR-00450,PRD-0150,SUP-006,2479.69,25,50,0.99
OFR-00451,PRD-0151,SUP-036,3716.24,8,20,0.93
OFR-00452,PRD-0151,SUP-014,3924.98,11,20,0.94
OFR-00453,PRD-0151,SUP-042,4643.45,11,10,0.72
OFR-00454,PRD-0152,SUP-014,1185.1,11,50,0.94
OFR-00455,PRD-0152,SUP-013,1079.61,6,20,0.74
OFR-00456,PRD-0152,SUP-003,1109.09,14,20,0.89
OFR-00457,PRD-0153,SUP-045,2854.6,15,50,0.73
OFR-00458,PRD-0153,SUP-013,2815.23,6,20,0.74
OFR-00459,PRD-0153,SUP-043,3594.41,7,10,0.78
OFR-00460,PRD-0154,SUP-007,2104.89,18,50,0.73
OFR-00461,PRD-0154,SUP-003,2103.8,14,20,0.89
OFR-00462,PRD-0154,SUP-034,2074.89,14,5,0.85
OFR-00463,PRD-0155,SUP-026,2602.34,16,50,0.88
OFR-00464,PRD-0155,SUP-005,2490.79,23,50,0.9
OFR-00465,PRD-0155,SUP-001,2765.24,6,5,0.87
OFR-00466,PRD-0156,SUP-043,1357.14,7,10,0.78
OFR-00467,PRD-0156,SUP-022,1625.81,21,50,0.93
OFR-00468,PRD-0156,SUP-008,1526.7,23,20,0.82
OFR-00469,PRD-0157,SUP-017,562.82,18,50,0.71
OFR-00470,PRD-0157,SUP-023,598.93,7,20,0.91
OFR-00471,PRD-0157,SUP-042,484.34,11,5,0.72
OFR-00472,PRD-0158,SUP-032,1217.43,20,5,0.99
OFR-00473,PRD-0158,SUP-001,1356.1,6,5,0.87
OFR-00474,PRD-0158,SUP-040,1115.07,5,20,0.91
OFR-00475,PRD-0159,SUP-030,214.91,17,50,0.96
OFR-00476,PRD-0159,SUP-045,243.49,15,5,0.73
OFR-00477,PRD-0159,SUP-022,197.32,21,20,0.93
OFR-00478,PRD-0160,SUP-040,3172.02,5,20,0.91
OFR-00479,PRD-0160,SUP-044,3491.63,18,20,0.74
OFR-00480,PRD-0160,SUP-038,2803.31,3,5,0.89
OFR-00481,PRD-0161,SUP-018,1994.15,12,50,0.95
OFR-00482,PRD-0161,SUP-050,1893.57,14,10,0.99
OFR-00483,PRD-0161,SUP-029,1959.35,11,10,0.98
OFR-00484,PRD-0162,SUP-042,3889.75,11,20,0.72
OFR-00485,PRD-0162,SUP-034,3751.76,14,20,0.85
OFR-00486,PRD-0162,SUP-028,3244.78,9,50,0.85
OFR-00487,PRD-0163,SUP-002,2112.92,4,10,0.79
OFR-00488,PRD-0163,SUP-035,2258.88,15,20,0.98
OFR-00489,PRD-0163,SUP-050,1752.22,14,10,0.99
OFR-00490,PRD-0164,SUP-017,4390.31,18,20,0.71
OFR-00491,PRD-0164,SUP-011,4258.03,8,50,0.8
OFR-00492,PRD-0164,SUP-033,3812.69,16,50,0.92
OFR-00493,PRD-0165,SUP-040,1295.64,5,20,0.91
OFR-00494,PRD-0165,SUP-038,1342.62,3,10,0.89
OFR-00495,PRD-0165,SUP-019,1313.78,21,5,0.74
OFR-00496,PRD-0166,SUP-009,337.94,13,20,0.71
OFR-00497,PRD-0166,SUP-017,303.21,18,20,0.71
OFR-00498,PRD-0166,SUP-014,385.98,11,20,0.94
OFR-00499,PRD-0167,SUP-049,2010.94,18,20,0.81
OFR-00500,PRD-0167,SUP-009,2171.02,13,20,0.71
OFR-00501,PRD-0167,SUP-016,2504.89,19,10,0.94
OFR-00502,PRD-0168,SUP-033,4347.45,16,50,0.92
OFR-00503,PRD-0168,SUP-020,5416.46,14,5,0.74
OFR-00504,PRD-0168,SUP-018,4723.65,12,10,0.95
OFR-00505,PRD-0169,SUP-002,4377.26,4,20,0.79
OFR-00506,PRD-0169,SUP-018,4832.29,12,5,0.95
OFR-00507,PRD-0169,SUP-023,4644.33,7,50,0.91
OFR-00508,PRD-0170,SUP-001,4398.91,6,20,0.87
OFR-00509,PRD-0170,SUP-034,4577.0,14,50,0.85
OFR-00510,PRD-0170,SUP-023,4331.09,7,10,0.91
OFR-00511,PRD-0171,SUP-036,3746.27,8,50,0.93
OFR-00512,PRD-0171,SUP-016,4506.94,19,10,0.94
OFR-00513,PRD-0171,SUP-007,4083.94,18,50,0.73
OFR-00514,PRD-0172,SUP-020,4588.51,14,10,0.74
OFR-00515,PRD-0172,SUP-041,4740.07,18,10,0.95
OFR-00516,PRD-0172,SUP-001,5101.26,6,50,0.87
OFR-00517,PRD-0173,SUP-007,1342.69,18,20,0.73
OFR-00518,PRD-0173,SUP-031,1348.68,8,5,0.81
OFR-00519,PRD-0173,SUP-032,1287.56,20,20,0.99
OFR-00520,PRD-0174,SUP-019,3925.36,21,50,0.74
OFR-00521,PRD-0174,SUP-025,4171.52,23,20,0.91
OFR-00522,PRD-0174,SUP-050,4047.41,14,20,0.99
OFR-00523,PRD-0175,SUP-049,2764.13,18,5,0.81
OFR-00524,PRD-0175,SUP-031,3000.42,8,20,0.81
OFR-00525,PRD-0175,SUP-046,3284.39,9,10,0.94
OFR-00526,PRD-0176,SUP-038,484.81,3,20,0.89
OFR-00527,PRD-0176,SUP-019,530.26,21,50,0.74
OFR-00528,PRD-0176,SUP-018,450.68,12,5,0.95
OFR-00529,PRD-0177,SUP-011,1550.35,8,10,0.8
OFR-00530,PRD-0177,SUP-017,1245.68,18,50,0.71
OFR-00531,PRD-0177,SUP-044,1559.71,18,50,0.74
OFR-00532,PRD-0178,SUP-046,474.01,9,20,0.94
OFR-00533,PRD-0178,SUP-001,509.01,6,20,0.87
OFR-00534,PRD-0178,SUP-008,533.52,23,20,0.82
OFR-00535,PRD-0179,SUP-031,2005.41,8,20,0.81
OFR-00536,PRD-0179,SUP-034,2158.8,14,20,0.85
OFR-00537,PRD-0179,SUP-044,2193.5,18,5,0.74
OFR-00538,PRD-0180,SUP-041,461.95,18,5,0.95
OFR-00539,PRD-0180,SUP-005,385.53,23,20,0.9
OFR-00540,PRD-0180,SUP-032,377.73,20,5,0.99
OFR-00541,PRD-0181,SUP-041,2794.39,18,50,0.95
OFR-00542,PRD-0181,SUP-044,2941.85,18,20,0.74
OFR-00543,PRD-0181,SUP-046,2414.13,9,20,0.94
OFR-00544,PRD-0182,SUP-015,981.95,5,50,0.85
OFR-00545,PRD-0182,SUP-029,1225.26,11,50,0.98
OFR-00546,PRD-0182,SUP-041,1259.05,18,50,0.95
OFR-00547,PRD-0183,SUP-011,4293.78,8,50,0.8
OFR-00548,PRD-0183,SUP-005,4021.17,23,10,0.9
OFR-00549,PRD-0183,SUP-017,4338.33,18,20,0.71
OFR-00550,PRD-0184,SUP-039,4799.9,13,50,0.86
OFR-00551,PRD-0184,SUP-033,3857.02,16,20,0.92
OFR-00552,PRD-0184,SUP-021,4855.25,7,10,0.94
OFR-00553,PRD-0185,SUP-016,2620.1,19,5,0.94
OFR-00554,PRD-0185,SUP-008,2358.24,23,10,0.82
OFR-00555,PRD-0185,SUP-044,2519.02,18,10,0.74
OFR-00556,PRD-0186,SUP-033,3619.72,16,10,0.92
OFR-00557,PRD-0186,SUP-025,3671.58,23,20,0.91
OFR-00558,PRD-0186,SUP-036,4275.65,8,50,0.93
OFR-00559,PRD-0187,SUP-024,4068.0,3,10,0.82
OFR-00560,PRD-0187,SUP-010,3392.58,11,5,0.75
OFR-00561,PRD-0187,SUP-033,3630.55,16,50,0.92
OFR-00562,PRD-0188,SUP-020,4475.63,14,20,0.74
OFR-00563,PRD-0188,SUP-007,4395.02,18,5,0.73
OFR-00564,PRD-0188,SUP-045,3839.05,15,10,0.73
OFR-00565,PRD-0189,SUP-015,1304.96,5,20,0.85
OFR-00566,PRD-0189,SUP-023,1552.28,7,10,0.91
OFR-00567,PRD-0189,SUP-035,1242.16,15,10,0.98
OFR-00568,PRD-0190,SUP-002,1775.99,4,10,0.79
OFR-00569,PRD-0190,SUP-029,1773.49,11,20,0.98
OFR-00570,PRD-0190,SUP-045,2147.7,15,5,0.73
OFR-00571,PRD-0191,SUP-024,4211.24,3,5,0.82
OFR-00572,PRD-0191,SUP-038,4597.51,3,10,0.89
OFR-00573,PRD-0191,SUP-032,3736.23,20,10,0.99
OFR-00574,PRD-0192,SUP-042,3060.48,11,5,0.72
OFR-00575,PRD-0192,SUP-020,2509.87,14,20,0.74
OFR-00576,PRD-0192,SUP-017,2646.19,18,50,0.71
OFR-00577,PRD-0193,SUP-025,2912.34,23,50,0.91
OFR-00578,PRD-0193,SUP-019,3167.91,21,10,0.74
OFR-00579,PRD-0193,SUP-049,2484.72,18,20,0.81
OFR-00580,PRD-0194,SUP-008,2856.78,23,50,0.82
OFR-00581,PRD-0194,SUP-033,3153.66,16,10,0.92
OFR-00582,PRD-0194,SUP-040,3037.08,5,5,0.91
OFR-00583,PRD-0195,SUP-030,992.05,17,10,0.96
OFR-00584,PRD-0195,SUP-045,889.97,15,50,0.73
OFR-00585,PRD-0195,SUP-002,1083.65,4,20,0.79
OFR-00586,PRD-0196,SUP-037,1661.92,6,10,0.95
OFR-00587,PRD-0196,SUP-046,1529.27,9,5,0.94
OFR-00588,PRD-0196,SUP-005,1740.61,23,50,0.9
OFR-00589,PRD-0197,SUP-001,1606.16,6,50,0.87
OFR-00590,PRD-0197,SUP-045,1946.98,15,20,0.73
OFR-00591,PRD-0197,SUP-017,1915.91,18,5,0.71
OFR-00592,PRD-0198,SUP-002,4039.35,4,20,0.79
OFR-00593,PRD-0198,SUP-039,3690.88,13,20,0.86
OFR-00594,PRD-0198,SUP-041,4150.47,18,5,0.95
OFR-00595,PRD-0199,SUP-030,4643.27,17,20,0.96
OFR-00596,PRD-0199,SUP-034,3795.8,14,50,0.85
OFR-00597,PRD-0199,SUP-002,4502.89,4,20,0.79
OFR-00598,PRD-0200,SUP-034,4312.14,14,10,0.85
OFR-00599,PRD-0200,SUP-009,3298.96,13,50,0.71
OFR-00600,PRD-0200,SUP-032,3532.41,20,50,0.99
OFR-00601,PRD-0201,SUP-026,1296.76,16,20,0.88
OFR-00602,PRD-0201,SUP-015,1233.27,5,5,0.85
OFR-00603,PRD-0201,SUP-008,1356.04,23,5,0.82
OFR-00604,PRD-0202,SUP-014,3348.77,11,5,0.94
OFR-00605,PRD-0202,SUP-044,3239.86,18,5,0.74
OFR-00606,PRD-0202,SUP-030,4083.98,17,5,0.96
OFR-00607,PRD-0203,SUP-021,4167.76,7,10,0.94
OFR-00608,PRD-0203,SUP-046,4416.31,9,10,0.94
OFR-00609,PRD-0203,SUP-004,3803.74,12,10,0.94
OFR-00610,PRD-0204,SUP-031,1230.81,8,50,0.81
OFR-00611,PRD-0204,SUP-004,1295.7,12,5,0.94
OFR-00612,PRD-0204,SUP-024,1186.53,3,20,0.82
OFR-00613,PRD-0205,SUP-023,2952.98,7,10,0.91
OFR-00614,PRD-0205,SUP-013,3058.96,6,10,0.74
OFR-00615,PRD-0205,SUP-001,3213.03,6,50,0.87
OFR-00616,PRD-0206,SUP-031,3987.8,8,5,0.81
OFR-00617,PRD-0206,SUP-003,3594.1,14,50,0.89
OFR-00618,PRD-0206,SUP-043,3087.54,7,20,0.78
OFR-00619,PRD-0207,SUP-028,2649.17,9,50,0.85
OFR-00620,PRD-0207,SUP-035,3489.02,15,10,0.98
OFR-00621,PRD-0207,SUP-005,2793.38,23,20,0.9
OFR-00622,PRD-0208,SUP-003,4570.48,14,50,0.89
OFR-00623,PRD-0208,SUP-014,4989.3,11,20,0.94
OFR-00624,PRD-0208,SUP-013,5349.64,6,5,0.74
OFR-00625,PRD-0209,SUP-038,229.6,3,5,0.89
OFR-00626,PRD-0209,SUP-026,249.37,16,50,0.88
OFR-00627,PRD-0209,SUP-001,227.33,6,50,0.87
OFR-00628,PRD-0210,SUP-017,2967.87,18,20,0.71
OFR-00629,PRD-0210,SUP-003,3796.1,14,50,0.89
OFR-00630,PRD-0210,SUP-023,3165.84,7,10,0.91
OFR-00631,PRD-0211,SUP-038,4654.53,3,5,0.89
OFR-00632,PRD-0211,SUP-032,5344.69,20,5,0.99
OFR-00633,PRD-0211,SUP-002,5139.63,4,10,0.79
OFR-00634,PRD-0212,SUP-029,3324.3,11,5,0.98
OFR-00635,PRD-0212,SUP-045,3217.98,15,10,0.73
OFR-00636,PRD-0212,SUP-005,3264.24,23,20,0.9
OFR-00637,PRD-0213,SUP-022,3436.86,21,5,0.93
OFR-00638,PRD-0213,SUP-035,4026.09,15,10,0.98
OFR-00639,PRD-0213,SUP-046,3732.53,9,50,0.94
OFR-00640,PRD-0214,SUP-017,4262.54,18,50,0.71
OFR-00641,PRD-0214,SUP-044,4249.21,18,10,0.74
OFR-00642,PRD-0214,SUP-014,3791.56,11,10,0.94
OFR-00643,PRD-0215,SUP-004,2061.95,12,50,0.94
OFR-00644,PRD-0215,SUP-009,1605.42,13,10,0.71
OFR-00645,PRD-0215,SUP-048,1554.66,15,5,0.72
OFR-00646,PRD-0216,SUP-047,453.54,13,50,0.97
OFR-00647,PRD-0216,SUP-034,466.06,14,5,0.85
OFR-00648,PRD-0216,SUP-030,409.32,17,50,0.96
OFR-00649,PRD-0217,SUP-049,4194.71,18,5,0.81
OFR-00650,PRD-0217,SUP-020,3769.23,14,50,0.74
OFR-00651,PRD-0217,SUP-006,4540.15,25,5,0.99
OFR-00652,PRD-0218,SUP-047,2204.11,13,5,0.97
OFR-00653,PRD-0218,SUP-023,2379.6,7,20,0.91
OFR-00654,PRD-0218,SUP-019,1962.66,21,20,0.74
OFR-00655,PRD-0219,SUP-026,3290.93,16,20,0.88
OFR-00656,PRD-0219,SUP-003,3552.04,14,5,0.89
OFR-00657,PRD-0219,SUP-031,3040.94,8,50,0.81
OFR-00658,PRD-0220,SUP-043,4062.86,7,50,0.78
OFR-00659,PRD-0220,SUP-034,3682.02,14,5,0.85
OFR-00660,PRD-0220,SUP-024,4079.21,3,5,0.82
OFR-00661,PRD-0221,SUP-042,3684.86,11,10,0.72
OFR-00662,PRD-0221,SUP-038,3748.14,3,5,0.89
OFR-00663,PRD-0221,SUP-006,3659.24,25,10,0.99
OFR-00664,PRD-0222,SUP-041,2144.28,18,5,0.95
OFR-00665,PRD-0222,SUP-047,2209.39,13,50,0.97
OFR-00666,PRD-0222,SUP-002,2524.02,4,50,0.79
OFR-00667,PRD-0223,SUP-032,1839.2,20,5,0.99
OFR-00668,PRD-0223,SUP-019,1435.42,21,5,0.74
OFR-00669,PRD-0223,SUP-005,1772.09,23,10,0.9
OFR-00670,PRD-0224,SUP-001,1332.74,6,20,0.87
OFR-00671,PRD-0224,SUP-020,1257.64,14,20,0.74
OFR-00672,PRD-0224,SUP-050,1498.08,14,5,0.99
OFR-00673,PRD-0225,SUP-005,3805.03,23,10,0.9
OFR-00674,PRD-0225,SUP-039,3293.05,13,20,0.86
OFR-00675,PRD-0225,SUP-008,3715.36,23,10,0.82
OFR-00676,PRD-0226,SUP-005,3869.68,23,5,0.9
OFR-00677,PRD-0226,SUP-007,3785.81,18,50,0.73
OFR-00678,PRD-0226,SUP-018,3035.22,12,50,0.95
OFR-00679,PRD-0227,SUP-045,2364.2,15,5,0.73
OFR-00680,PRD-0227,SUP-004,2197.34,12,10,0.94
OFR-00681,PRD-0227,SUP-043,2378.23,7,10,0.78
OFR-00682,PRD-0228,SUP-009,2489.7,13,50,0.71
OFR-00683,PRD-0228,SUP-044,2265.37,18,10,0.74
OFR-00684,PRD-0228,SUP-035,2203.82,15,10,0.98
OFR-00685,PRD-0229,SUP-043,1695.69,7,5,0.78
OFR-00686,PRD-0229,SUP-019,1560.68,21,20,0.74
OFR-00687,PRD-0229,SUP-006,1767.53,25,10,0.99
OFR-00688,PRD-0230,SUP-039,3221.66,13,20,0.86
OFR-00689,PRD-0230,SUP-015,3011.05,5,50,0.85
OFR-00690,PRD-0230,SUP-026,2644.7,16,10,0.88
OFR-00691,PRD-0231,SUP-015,484.85,5,10,0.85
OFR-00692,PRD-0231,SUP-047,590.86,13,20,0.97
OFR-00693,PRD-0231,SUP-009,546.03,13,5,0.71
OFR-00694,PRD-0232,SUP-034,3073.96,14,50,0.85
OFR-00695,PRD-0232,SUP-009,2785.62,13,5,0.71
OFR-00696,PRD-0232,SUP-033,2415.49,16,50,0.92
OFR-00697,PRD-0233,SUP-001,3438.17,6,5,0.87
OFR-00698,PRD-0233,SUP-029,3532.54,11,10,0.98
OFR-00699,PRD-0233,SUP-028,3324.37,9,5,0.85
OFR-00700,PRD-0234,SUP-013,3468.76,6,10,0.74
OFR-00701,PRD-0234,SUP-015,4002.31,5,20,0.85
OFR-00702,PRD-0234,SUP-018,4429.21,12,50,0.95
OFR-00703,PRD-0235,SUP-021,1350.64,7,10,0.94
OFR-00704,PRD-0235,SUP-010,1089.01,11,10,0.75
OFR-00705,PRD-0235,SUP-039,1060.91,13,50,0.86
OFR-00706,PRD-0236,SUP-012,3797.0,17,10,0.76
OFR-00707,PRD-0236,SUP-038,3269.7,3,10,0.89
OFR-00708,PRD-0236,SUP-005,3302.82,23,50,0.9
OFR-00709,PRD-0237,SUP-050,2610.28,14,20,0.99
OFR-00710,PRD-0237,SUP-041,2520.76,18,50,0.95
OFR-00711,PRD-0237,SUP-047,2713.84,13,5,0.97
OFR-00712,PRD-0238,SUP-049,4615.94,18,10,0.81
OFR-00713,PRD-0238,SUP-016,5279.42,19,10,0.94
OFR-00714,PRD-0238,SUP-009,4791.23,13,50,0.71
OFR-00715,PRD-0239,SUP-044,1636.94,18,50,0.74
OFR-00716,PRD-0239,SUP-029,2069.54,11,20,0.98
OFR-00717,PRD-0239,SUP-015,1786.19,5,5,0.85
OFR-00718,PRD-0240,SUP-038,1461.11,3,10,0.89
OFR-00719,PRD-0240,SUP-009,1442.0,13,20,0.71
OFR-00720,PRD-0240,SUP-036,1838.07,8,50,0.93
OFR-00721,PRD-0241,SUP-043,3245.49,7,20,0.78
OFR-00722,PRD-0241,SUP-004,3307.66,12,5,0.94
OFR-00723,PRD-0241,SUP-019,3292.16,21,10,0.74
OFR-00724,PRD-0242,SUP-001,3691.16,6,50,0.87
OFR-00725,PRD-0242,SUP-017,4061.26,18,20,0.71
OFR-00726,PRD-0242,SUP-033,4208.5,16,50,0.92
OFR-00727,PRD-0243,SUP-035,1128.04,15,50,0.98
OFR-00728,PRD-0243,SUP-001,1325.13,6,50,0.87
OFR-00729,PRD-0243,SUP-033,1282.56,16,5,0.92
OFR-00730,PRD-0244,SUP-007,3432.55,18,20,0.73
OFR-00731,PRD-0244,SUP-017,3810.76,18,20,0.71
OFR-00732,PRD-0244,SUP-021,3509.05,7,5,0.94
OFR-00733,PRD-0245,SUP-049,1362.87,18,5,0.81
OFR-00734,PRD-0245,SUP-002,1591.15,4,10,0.79
OFR-00735,PRD-0245,SUP-017,1478.86,18,50,0.71
OFR-00736,PRD-0246,SUP-029,1555.19,11,5,0.98
OFR-00737,PRD-0246,SUP-048,1373.54,15,20,0.72
OFR-00738,PRD-0246,SUP-003,1455.05,14,5,0.89
OFR-00739,PRD-0247,SUP-035,1449.69,15,20,0.98
OFR-00740,PRD-0247,SUP-031,1430.88,8,10,0.81
OFR-00741,PRD-0247,SUP-001,1430.71,6,5,0.87
OFR-00742,PRD-0248,SUP-001,1491.68,6,50,0.87
OFR-00743,PRD-0248,SUP-038,1451.32,3,20,0.89
OFR-00744,PRD-0248,SUP-031,1523.29,8,10,0.81
OFR-00745,PRD-0249,SUP-047,1571.9,13,10,0.97
OFR-00746,PRD-0249,SUP-050,1417.45,14,10,0.99
OFR-00747,PRD-0249,SUP-004,1324.41,12,10,0.94
OFR-00748,PRD-0250,SUP-010,580.06,11,5,0.75
OFR-00749,PRD-0250,SUP-016,609.96,19,20,0.94
OFR-00750,PRD-0250,SUP-050,688.76,14,10,0.99
OFR-00751,PRD-0251,SUP-015,1480.08,5,20,0.85
OFR-00752,PRD-0251,SUP-014,1521.87,11,10,0.94
OFR-00753,PRD-0251,SUP-005,1456.23,23,10,0.9
OFR-00754,PRD-0252,SUP-048,1902.13,15,20,0.72
OFR-00755,PRD-0252,SUP-017,1758.05,18,20,0.71
OFR-00756,PRD-0252,SUP-002,2011.66,4,5,0.79
OFR-00757,PRD-0253,SUP-041,4031.18,18,50,0.95
OFR-00758,PRD-0253,SUP-038,4701.14,3,5,0.89
OFR-00759,PRD-0253,SUP-044,5307.53,18,50,0.74
OFR-00760,PRD-0254,SUP-020,4394.67,14,20,0.74
OFR-00761,PRD-0254,SUP-017,3852.03,18,20,0.71
OFR-00762,PRD-0254,SUP-002,4490.91,4,50,0.79
OFR-00763,PRD-0255,SUP-028,408.42,9,5,0.85
OFR-00764,PRD-0255,SUP-049,457.88,18,50,0.81
OFR-00765,PRD-0255,SUP-013,487.89,6,20,0.74
OFR-00766,PRD-0256,SUP-019,773.51,21,50,0.74
OFR-00767,PRD-0256,SUP-032,941.87,20,50,0.99
OFR-00768,PRD-0256,SUP-027,949.2,25,50,0.93
OFR-00769,PRD-0257,SUP-041,526.76,18,10,0.95
OFR-00770,PRD-0257,SUP-014,536.27,11,5,0.94
OFR-00771,PRD-0257,SUP-037,545.11,6,5,0.95
OFR-00772,PRD-0258,SUP-029,2994.26,11,10,0.98
OFR-00773,PRD-0258,SUP-025,3060.32,23,10,0.91
OFR-00774,PRD-0258,SUP-030,2654.38,17,20,0.96
OFR-00775,PRD-0259,SUP-031,2925.68,8,20,0.81
OFR-00776,PRD-0259,SUP-017,3219.33,18,5,0.71
OFR-00777,PRD-0259,SUP-010,3199.48,11,5,0.75
OFR-00778,PRD-0260,SUP-002,3983.71,4,20,0.79
OFR-00779,PRD-0260,SUP-026,3400.25,16,20,0.88
OFR-00780,PRD-0260,SUP-004,4451.8,12,50,0.94
OFR-00781,PRD-0261,SUP-023,4767.86,7,50,0.91
OFR-00782,PRD-0261,SUP-022,4820.27,21,50,0.93
OFR-00783,PRD-0261,SUP-050,4608.34,14,10,0.99
OFR-00784,PRD-0262,SUP-026,5174.34,16,5,0.88
OFR-00785,PRD-0262,SUP-015,5054.93,5,20,0.85
OFR-00786,PRD-0262,SUP-004,4700.95,12,50,0.94
OFR-00787,PRD-0263,SUP-041,2731.89,18,10,0.95
OFR-00788,PRD-0263,SUP-030,2698.4,17,20,0.96
OFR-00789,PRD-0263,SUP-008,3156.5,23,5,0.82
OFR-00790,PRD-0264,SUP-004,4796.73,12,10,0.94
OFR-00791,PRD-0264,SUP-025,4854.09,23,20,0.91
OFR-00792,PRD-0264,SUP-024,5047.12,3,5,0.82
OFR-00793,PRD-0265,SUP-019,1168.57,21,20,0.74
OFR-00794,PRD-0265,SUP-049,1063.96,18,20,0.81
OFR-00795,PRD-0265,SUP-031,1239.04,8,20,0.81
OFR-00796,PRD-0266,SUP-028,1335.19,9,5,0.85
OFR-00797,PRD-0266,SUP-020,1118.55,14,10,0.74
OFR-00798,PRD-0266,SUP-034,1291.77,14,50,0.85
OFR-00799,PRD-0267,SUP-041,771.91,18,5,0.95
OFR-00800,PRD-0267,SUP-050,898.7,14,20,0.99
OFR-00801,PRD-0267,SUP-009,833.98,13,5,0.71
OFR-00802,PRD-0268,SUP-031,3201.14,8,20,0.81
OFR-00803,PRD-0268,SUP-045,3628.31,15,50,0.73
OFR-00804,PRD-0268,SUP-003,3020.56,14,5,0.89
OFR-00805,PRD-0269,SUP-024,290.55,3,10,0.82
OFR-00806,PRD-0269,SUP-009,245.28,13,5,0.71
OFR-00807,PRD-0269,SUP-015,288.79,5,5,0.85
OFR-00808,PRD-0270,SUP-026,4013.87,16,50,0.88
OFR-00809,PRD-0270,SUP-003,3508.37,14,50,0.89
OFR-00810,PRD-0270,SUP-013,3835.46,6,50,0.74
OFR-00811,PRD-0271,SUP-014,2979.53,11,20,0.94
OFR-00812,PRD-0271,SUP-048,3093.55,15,5,0.72
OFR-00813,PRD-0271,SUP-023,3221.81,7,5,0.91
OFR-00814,PRD-0272,SUP-029,2672.81,11,20,0.98
OFR-00815,PRD-0272,SUP-003,3230.1,14,20,0.89
OFR-00816,PRD-0272,SUP-010,3356.86,11,50,0.75
OFR-00817,PRD-0273,SUP-037,572.74,6,5,0.95
OFR-00818,PRD-0273,SUP-036,741.03,8,5,0.93
OFR-00819,PRD-0273,SUP-028,661.41,9,50,0.85
OFR-00820,PRD-0274,SUP-021,4278.0,7,10,0.94
OFR-00821,PRD-0274,SUP-031,4147.39,8,20,0.81
OFR-00822,PRD-0274,SUP-014,4253.45,11,20,0.94
OFR-00823,PRD-0275,SUP-016,436.28,19,20,0.94
OFR-00824,PRD-0275,SUP-030,429.35,17,50,0.96
OFR-00825,PRD-0275,SUP-042,338.06,11,10,0.72
OFR-00826,PRD-0276,SUP-010,3326.11,11,50,0.75
OFR-00827,PRD-0276,SUP-026,3906.96,16,20,0.88
OFR-00828,PRD-0276,SUP-023,3549.39,7,5,0.91
OFR-00829,PRD-0277,SUP-012,1925.42,17,5,0.76
OFR-00830,PRD-0277,SUP-024,2532.73,3,10,0.82
OFR-00831,PRD-0277,SUP-050,2013.24,14,10,0.99
OFR-00832,PRD-0278,SUP-043,3468.21,7,10,0.78
OFR-00833,PRD-0278,SUP-013,3867.81,6,20,0.74
OFR-00834,PRD-0278,SUP-039,3867.57,13,50,0.86
OFR-00835,PRD-0279,SUP-048,2808.23,15,5,0.72
OFR-00836,PRD-0279,SUP-013,2335.38,6,50,0.74
OFR-00837,PRD-0279,SUP-047,2670.19,13,50,0.97
OFR-00838,PRD-0280,SUP-011,2593.42,8,5,0.8
OFR-00839,PRD-0280,SUP-013,2958.52,6,50,0.74
OFR-00840,PRD-0280,SUP-019,3130.3,21,50,0.74
OFR-00841,PRD-0281,SUP-015,3019.33,5,10,0.85
OFR-00842,PRD-0281,SUP-036,3308.68,8,50,0.93
OFR-00843,PRD-0281,SUP-007,3349.63,18,50,0.73
OFR-00844,PRD-0282,SUP-002,1311.54,4,5,0.79
OFR-00845,PRD-0282,SUP-027,1080.79,25,20,0.93
OFR-00846,PRD-0282,SUP-023,1224.48,7,50,0.91
OFR-00847,PRD-0283,SUP-049,4630.56,18,20,0.81
OFR-00848,PRD-0283,SUP-043,5101.14,7,20,0.78
OFR-00849,PRD-0283,SUP-031,5211.62,8,20,0.81
OFR-00850,PRD-0284,SUP-002,309.35,4,10,0.79
OFR-00851,PRD-0284,SUP-025,255.81,23,20,0.91
OFR-00852,PRD-0284,SUP-049,308.66,18,20,0.81
OFR-00853,PRD-0285,SUP-023,3011.21,7,10,0.91
OFR-00854,PRD-0285,SUP-035,2525.82,15,20,0.98
OFR-00855,PRD-0285,SUP-040,2314.28,5,50,0.91
OFR-00856,PRD-0286,SUP-007,920.62,18,20,0.73
OFR-00857,PRD-0286,SUP-021,1012.68,7,50,0.94
OFR-00858,PRD-0286,SUP-041,940.29,18,5,0.95
OFR-00859,PRD-0287,SUP-018,3104.01,12,10,0.95
OFR-00860,PRD-0287,SUP-032,3625.06,20,20,0.99
OFR-00861,PRD-0287,SUP-028,3642.22,9,20,0.85
OFR-00862,PRD-0288,SUP-033,2641.91,16,20,0.92
OFR-00863,PRD-0288,SUP-024,2559.45,3,20,0.82
OFR-00864,PRD-0288,SUP-015,2756.32,5,5,0.85
OFR-00865,PRD-0289,SUP-027,1675.02,25,20,0.93
OFR-00866,PRD-0289,SUP-033,1485.34,16,20,0.92
OFR-00867,PRD-0289,SUP-008,1620.79,23,5,0.82
OFR-00868,PRD-0290,SUP-023,1656.12,7,10,0.91
OFR-00869,PRD-0290,SUP-044,1939.96,18,10,0.74
OFR-00870,PRD-0290,SUP-038,1881.33,3,20,0.89
OFR-00871,PRD-0291,SUP-026,3667.01,16,50,0.88
OFR-00872,PRD-0291,SUP-036,3692.8,8,20,0.93
OFR-00873,PRD-0291,SUP-049,3041.12,18,5,0.81
OFR-00874,PRD-0292,SUP-043,317.37,7,5,0.78
OFR-00875,PRD-0292,SUP-020,281.02,14,50,0.74
OFR-00876,PRD-0292,SUP-050,318.23,14,20,0.99
OFR-00877,PRD-0293,SUP-001,1358.23,6,10,0.87
OFR-00878,PRD-0293,SUP-008,1534.89,23,20,0.82
OFR-00879,PRD-0293,SUP-048,1275.03,15,5,0.72
OFR-00880,PRD-0294,SUP-037,4542.34,6,5,0.95
OFR-00881,PRD-0294,SUP-015,4891.32,5,10,0.85
OFR-00882,PRD-0294,SUP-009,4317.03,13,5,0.71
OFR-00883,PRD-0295,SUP-027,2579.28,25,10,0.93
OFR-00884,PRD-0295,SUP-007,2578.25,18,10,0.73
OFR-00885,PRD-0295,SUP-030,2522.55,17,50,0.96
OFR-00886,PRD-0296,SUP-004,3028.38,12,5,0.94
OFR-00887,PRD-0296,SUP-028,2425.02,9,50,0.85
OFR-00888,PRD-0296,SUP-023,2687.51,7,20,0.91
OFR-00889,PRD-0297,SUP-041,3214.18,18,10,0.95
OFR-00890,PRD-0297,SUP-003,2975.11,14,10,0.89
OFR-00891,PRD-0297,SUP-035,3091.49,15,10,0.98
OFR-00892,PRD-0298,SUP-007,1217.96,18,50,0.73
OFR-00893,PRD-0298,SUP-006,1541.44,25,50,0.99
OFR-00894,PRD-0298,SUP-025,1526.77,23,50,0.91
OFR-00895,PRD-0299,SUP-030,2071.12,17,50,0.96
OFR-00896,PRD-0299,SUP-032,1931.53,20,20,0.99
OFR-00897,PRD-0299,SUP-037,2548.27,6,50,0.95
OFR-00898,PRD-0300,SUP-049,245.85,18,5,0.81
OFR-00899,PRD-0300,SUP-024,262.91,3,5,0.82
OFR-00900,PRD-0300,SUP-033,252.11,16,10,0.92
OFR-00901,PRD-0301,SUP-012,3285.93,17,50,0.76
OFR-00902,PRD-0301,SUP-030,3858.28,17,10,0.96
OFR-00903,PRD-0301,SUP-042,3228.58,11,5,0.72
OFR-00904,PRD-0302,SUP-008,149.36,23,10,0.82
OFR-00905,PRD-0302,SUP-050,146.31,14,20,0.99
OFR-00906,PRD-0302,SUP-003,180.74,14,10,0.89
OFR-00907,PRD-0303,SUP-010,1240.87,11,5,0.75
OFR-00908,PRD-0303,SUP-020,1208.6,14,10,0.74
OFR-00909,PRD-0303,SUP-005,1363.16,23,50,0.9
OFR-00910,PRD-0304,SUP-031,5261.76,8,20,0.81
OFR-00911,PRD-0304,SUP-028,5415.71,9,10,0.85
OFR-00912,PRD-0304,SUP-030,5437.95,17,10,0.96
OFR-00913,PRD-0305,SUP-025,4996.2,23,5,0.91
OFR-00914,PRD-0305,SUP-028,4749.1,9,50,0.85
OFR-00915,PRD-0305,SUP-003,4472.02,14,50,0.89
OFR-00916,PRD-0306,SUP-045,3729.38,15,10,0.73
OFR-00917,PRD-0306,SUP-005,4037.61,23,50,0.9
OFR-00918,PRD-0306,SUP-006,3283.83,25,50,0.99
OFR-00919,PRD-0307,SUP-019,4551.65,21,10,0.74
OFR-00920,PRD-0307,SUP-047,4333.05,13,50,0.97
OFR-00921,PRD-0307,SUP-040,5622.94,5,10,0.91
OFR-00922,PRD-0308,SUP-002,2927.67,4,5,0.79
OFR-00923,PRD-0308,SUP-037,2450.74,6,10,0.95
OFR-00924,PRD-0308,SUP-005,2941.19,23,20,0.9
OFR-00925,PRD-0309,SUP-031,5085.26,8,20,0.81
OFR-00926,PRD-0309,SUP-002,4410.15,4,10,0.79
OFR-00927,PRD-0309,SUP-030,4449.62,17,50,0.96
OFR-00928,PRD-0310,SUP-024,4015.76,3,5,0.82
OFR-00929,PRD-0310,SUP-040,4974.03,5,50,0.91
OFR-00930,PRD-0310,SUP-034,4012.65,14,10,0.85
OFR-00931,PRD-0311,SUP-035,1804.61,15,5,0.98
OFR-00932,PRD-0311,SUP-050,1584.07,14,5,0.99
OFR-00933,PRD-0311,SUP-027,1864.64,25,50,0.93
OFR-00934,PRD-0312,SUP-049,4456.22,18,20,0.81
OFR-00935,PRD-0312,SUP-043,4599.6,7,10,0.78
OFR-00936,PRD-0312,SUP-045,3701.03,15,5,0.73
OFR-00937,PRD-0313,SUP-003,4269.37,14,10,0.89
OFR-00938,PRD-0313,SUP-046,4643.7,9,5,0.94
OFR-00939,PRD-0313,SUP-020,4167.24,14,10,0.74
OFR-00940,PRD-0314,SUP-034,4778.04,14,5,0.85
OFR-00941,PRD-0314,SUP-013,4197.44,6,50,0.74
OFR-00942,PRD-0314,SUP-018,4922.5,12,10,0.95
OFR-00943,PRD-0315,SUP-014,2572.77,11,50,0.94
OFR-00944,PRD-0315,SUP-024,2795.35,3,5,0.82
OFR-00945,PRD-0315,SUP-041,2282.21,18,5,0.95
OFR-00946,PRD-0316,SUP-036,4025.21,8,5,0.93
OFR-00947,PRD-0316,SUP-017,3702.28,18,5,0.71
OFR-00948,PRD-0316,SUP-014,3954.24,11,10,0.94
OFR-00949,PRD-0317,SUP-012,4760.5,17,20,0.76
OFR-00950,PRD-0317,SUP-009,4734.38,13,5,0.71
OFR-00951,PRD-0317,SUP-036,4606.91,8,50,0.93
OFR-00952,PRD-0318,SUP-030,2720.38,17,10,0.96
OFR-00953,PRD-0318,SUP-027,2610.33,25,20,0.93
OFR-00954,PRD-0318,SUP-033,3203.01,16,20,0.92
OFR-00955,PRD-0319,SUP-027,273.92,25,5,0.93
OFR-00956,PRD-0319,SUP-020,275.59,14,10,0.74
OFR-00957,PRD-0319,SUP-008,327.93,23,10,0.82
OFR-00958,PRD-0320,SUP-010,1778.17,11,50,0.75
OFR-00959,PRD-0320,SUP-038,2226.26,3,50,0.89
OFR-00960,PRD-0320,SUP-001,1911.32,6,5,0.87
OFR-00961,PRD-0321,SUP-045,4868.3,15,10,0.73
OFR-00962,PRD-0321,SUP-029,5204.37,11,5,0.98
OFR-00963,PRD-0321,SUP-017,5185.85,18,20,0.71
OFR-00964,PRD-0322,SUP-039,5091.67,13,20,0.86
OFR-00965,PRD-0322,SUP-030,4687.91,17,10,0.96
OFR-00966,PRD-0322,SUP-013,5051.17,6,20,0.74
OFR-00967,PRD-0323,SUP-017,3824.63,18,20,0.71
OFR-00968,PRD-0323,SUP-022,4922.11,21,50,0.93
OFR-00969,PRD-0323,SUP-027,4229.64,25,10,0.93
OFR-00970,PRD-0324,SUP-001,2716.7,6,10,0.87
OFR-00971,PRD-0324,SUP-027,2510.09,25,50,0.93
OFR-00972,PRD-0324,SUP-003,2308.54,14,50,0.89
OFR-00973,PRD-0325,SUP-040,3389.98,5,5,0.91
OFR-00974,PRD-0325,SUP-016,3393.13,19,5,0.94
OFR-00975,PRD-0325,SUP-034,3891.56,14,5,0.85
OFR-00976,PRD-0326,SUP-018,453.0,12,10,0.95
OFR-00977,PRD-0326,SUP-034,533.77,14,50,0.85
OFR-00978,PRD-0326,SUP-010,424.73,11,10,0.75
OFR-00979,PRD-0327,SUP-042,2744.85,11,10,0.72
OFR-00980,PRD-0327,SUP-032,3363.36,20,20,0.99
OFR-00981,PRD-0327,SUP-022,3337.49,21,10,0.93
OFR-00982,PRD-0328,SUP-008,4656.07,23,10,0.82
OFR-00983,PRD-0328,SUP-043,4712.08,7,20,0.78
OFR-00984,PRD-0328,SUP-034,4568.78,14,5,0.85
OFR-00985,PRD-0329,SUP-016,5201.0,19,20,0.94
OFR-00986,PRD-0329,SUP-025,5487.88,23,50,0.91
OFR-00987,PRD-0329,SUP-049,4291.52,18,50,0.81
OFR-00988,PRD-0330,SUP-047,271.52,13,5,0.97
OFR-00989,PRD-0330,SUP-046,235.54,9,20,0.94
OFR-00990,PRD-0330,SUP-019,267.09,21,50,0.74
OFR-00991,PRD-0331,SUP-035,3278.94,15,10,0.98
OFR-00992,PRD-0331,SUP-025,2961.38,23,5,0.91
OFR-00993,PRD-0331,SUP-014,2871.19,11,5,0.94
OFR-00994,PRD-0332,SUP-022,4172.44,21,20,0.93
OFR-00995,PRD-0332,SUP-017,3507.96,18,20,0.71
OFR-00996,PRD-0332,SUP-021,3789.41,7,10,0.94
OFR-00997,PRD-0333,SUP-019,3366.93,21,10,0.74
OFR-00998,PRD-0333,SUP-007,3485.78,18,10,0.73
OFR-00999,PRD-0333,SUP-039,4104.14,13,10,0.86
OFR-01000,PRD-0334,SUP-031,1002.35,8,5,0.81
OFR-01001,PRD-0334,SUP-014,787.7,11,10,0.94
OFR-01002,PRD-0334,SUP-005,909.59,23,5,0.9
OFR-01003,PRD-0335,SUP-046,347.2,9,20,0.94
OFR-01004,PRD-0335,SUP-015,352.75,5,50,0.85
OFR-01005,PRD-0335,SUP-050,368.75,14,5,0.99
OFR-01006,PRD-0336,SUP-002,1611.96,4,20,0.79
OFR-01007,PRD-0336,SUP-048,1808.02,15,10,0.72
OFR-01008,PRD-0336,SUP-014,1834.21,11,5,0.94
OFR-01009,PRD-0337,SUP-014,1149.37,11,5,0.94
OFR-01010,PRD-0337,SUP-033,1312.83,16,50,0.92
OFR-01011,PRD-0337,SUP-026,1164.48,16,20,0.88
OFR-01012,PRD-0338,SUP-015,3748.28,5,20,0.85
OFR-01013,PRD-0338,SUP-012,3742.99,17,5,0.76
OFR-01014,PRD-0338,SUP-028,3570.13,9,5,0.85
OFR-01015,PRD-0339,SUP-016,893.6,19,5,0.94
OFR-01016,PRD-0339,SUP-004,885.37,12,20,0.94
OFR-01017,PRD-0339,SUP-045,1079.43,15,50,0.73
OFR-01018,PRD-0340,SUP-050,3142.24,14,50,0.99
OFR-01019,PRD-0340,SUP-014,2763.93,11,5,0.94
OFR-01020,PRD-0340,SUP-048,3325.66,15,20,0.72
OFR-01021,PRD-0341,SUP-048,4976.72,15,10,0.72
OFR-01022,PRD-0341,SUP-012,4701.88,17,20,0.76
OFR-01023,PRD-0341,SUP-037,3917.35,6,10,0.95
OFR-01024,PRD-0342,SUP-030,2109.37,17,50,0.96
OFR-01025,PRD-0342,SUP-043,2493.88,7,10,0.78
OFR-01026,PRD-0342,SUP-010,2610.05,11,20,0.75
OFR-01027,PRD-0343,SUP-008,1163.94,23,50,0.82
OFR-01028,PRD-0343,SUP-035,1200.23,15,10,0.98
OFR-01029,PRD-0343,SUP-007,1234.24,18,50,0.73
OFR-01030,PRD-0344,SUP-040,5128.77,5,10,0.91
OFR-01031,PRD-0344,SUP-027,5153.48,25,50,0.93
OFR-01032,PRD-0344,SUP-018,5115.43,12,50,0.95
OFR-01033,PRD-0345,SUP-002,487.11,4,20,0.79
OFR-01034,PRD-0345,SUP-028,396.49,9,5,0.85
OFR-01035,PRD-0345,SUP-021,474.54,7,10,0.94
OFR-01036,PRD-0346,SUP-040,1686.27,5,5,0.91
OFR-01037,PRD-0346,SUP-024,1346.41,3,50,0.82
OFR-01038,PRD-0346,SUP-031,1542.18,8,20,0.81
OFR-01039,PRD-0347,SUP-049,2498.63,18,5,0.81
OFR-01040,PRD-0347,SUP-031,2486.97,8,20,0.81
OFR-01041,PRD-0347,SUP-014,2485.88,11,5,0.94
OFR-01042,PRD-0348,SUP-026,5402.39,16,5,0.88
OFR-01043,PRD-0348,SUP-019,4761.77,21,20,0.74
OFR-01044,PRD-0348,SUP-027,4248.85,25,50,0.93
OFR-01045,PRD-0349,SUP-049,1234.91,18,10,0.81
OFR-01046,PRD-0349,SUP-037,1143.86,6,50,0.95
OFR-01047,PRD-0349,SUP-002,1438.12,4,10,0.79
OFR-01048,PRD-0350,SUP-044,3169.56,18,50,0.74
OFR-01049,PRD-0350,SUP-032,3219.38,20,10,0.99
OFR-01050,PRD-0350,SUP-034,2644.34,14,10,0.85
OFR-01051,PRD-0351,SUP-038,4914.42,3,10,0.89
OFR-01052,PRD-0351,SUP-031,5415.57,8,20,0.81
OFR-01053,PRD-0351,SUP-015,5016.61,5,20,0.85
OFR-01054,PRD-0352,SUP-012,126.55,17,5,0.76
OFR-01055,PRD-0352,SUP-010,145.09,11,20,0.75
OFR-01056,PRD-0352,SUP-008,137.51,23,50,0.82
OFR-01057,PRD-0353,SUP-032,3620.15,20,50,0.99
OFR-01058,PRD-0353,SUP-019,3573.65,21,10,0.74
OFR-01059,PRD-0353,SUP-013,3377.89,6,50,0.74
OFR-01060,PRD-0354,SUP-009,3127.24,13,10,0.71
OFR-01061,PRD-0354,SUP-036,3322.73,8,20,0.93
OFR-01062,PRD-0354,SUP-020,2736.93,14,20,0.74
OFR-01063,PRD-0355,SUP-026,3248.25,16,20,0.88
OFR-01064,PRD-0355,SUP-007,3345.16,18,20,0.73
OFR-01065,PRD-0355,SUP-001,3129.56,6,5,0.87
OFR-01066,PRD-0356,SUP-023,3629.24,7,20,0.91
OFR-01067,PRD-0356,SUP-021,3687.38,7,10,0.94
OFR-01068,PRD-0356,SUP-040,3668.64,5,50,0.91
OFR-01069,PRD-0357,SUP-014,539.58,11,10,0.94
OFR-01070,PRD-0357,SUP-044,553.6,18,20,0.74
OFR-01071,PRD-0357,SUP-030,579.51,17,5,0.96
OFR-01072,PRD-0358,SUP-031,3936.26,8,10,0.81
OFR-01073,PRD-0358,SUP-035,3683.32,15,50,0.98
OFR-01074,PRD-0358,SUP-033,4240.11,16,10,0.92
OFR-01075,PRD-0359,SUP-005,2127.8,23,10,0.9
OFR-01076,PRD-0359,SUP-031,1986.49,8,50,0.81
OFR-01077,PRD-0359,SUP-028,2125.09,9,10,0.85
OFR-01078,PRD-0360,SUP-011,3945.03,8,50,0.8
OFR-01079,PRD-0360,SUP-015,4789.74,5,20,0.85
OFR-01080,PRD-0360,SUP-021,4050.64,7,50,0.94
OFR-01081,PRD-0361,SUP-026,1052.99,16,20,0.88
OFR-01082,PRD-0361,SUP-032,868.27,20,20,0.99
OFR-01083,PRD-0361,SUP-002,921.36,4,10,0.79
OFR-01084,PRD-0362,SUP-019,4585.6,21,5,0.74
OFR-01085,PRD-0362,SUP-043,4062.9,7,20,0.78
OFR-01086,PRD-0362,SUP-048,4474.71,15,20,0.72
OFR-01087,PRD-0363,SUP-043,2894.04,7,5,0.78
OFR-01088,PRD-0363,SUP-024,2259.44,3,5,0.82
OFR-01089,PRD-0363,SUP-037,2294.21,6,10,0.95
OFR-01090,PRD-0364,SUP-034,1550.62,14,50,0.85
OFR-01091,PRD-0364,SUP-019,1211.08,21,50,0.74
OFR-01092,PRD-0364,SUP-050,1477.02,14,5,0.99
OFR-01093,PRD-0365,SUP-040,3453.14,5,5,0.91
OFR-01094,PRD-0365,SUP-018,3613.14,12,5,0.95
OFR-01095,PRD-0365,SUP-039,4224.48,13,5,0.86
OFR-01096,PRD-0366,SUP-047,2373.11,13,10,0.97
OFR-01097,PRD-0366,SUP-028,2354.08,9,20,0.85
OFR-01098,PRD-0366,SUP-036,2317.33,8,10,0.93
OFR-01099,PRD-0367,SUP-008,3974.73,23,5,0.82
OFR-01100,PRD-0367,SUP-026,3813.78,16,10,0.88
OFR-01101,PRD-0367,SUP-003,3248.16,14,5,0.89
OFR-01102,PRD-0368,SUP-030,4939.73,17,10,0.96
OFR-01103,PRD-0368,SUP-003,5172.55,14,20,0.89
OFR-01104,PRD-0368,SUP-049,5552.11,18,5,0.81
OFR-01105,PRD-0369,SUP-033,521.37,16,5,0.92
OFR-01106,PRD-0369,SUP-039,587.24,13,10,0.86
OFR-01107,PRD-0369,SUP-018,617.69,12,50,0.95
OFR-01108,PRD-0370,SUP-006,1466.98,25,50,0.99
OFR-01109,PRD-0370,SUP-044,1576.56,18,20,0.74
OFR-01110,PRD-0370,SUP-048,1571.86,15,50,0.72
OFR-01111,PRD-0371,SUP-047,1760.82,13,5,0.97
OFR-01112,PRD-0371,SUP-006,2036.86,25,50,0.99
OFR-01113,PRD-0371,SUP-003,2179.96,14,5,0.89
OFR-01114,PRD-0372,SUP-040,2244.52,5,10,0.91
OFR-01115,PRD-0372,SUP-029,2140.77,11,20,0.98
OFR-01116,PRD-0372,SUP-049,1995.37,18,10,0.81
OFR-01117,PRD-0373,SUP-024,3252.44,3,20,0.82
OFR-01118,PRD-0373,SUP-039,3911.99,13,10,0.86
OFR-01119,PRD-0373,SUP-040,3805.17,5,10,0.91
OFR-01120,PRD-0374,SUP-034,2840.7,14,20,0.85
OFR-01121,PRD-0374,SUP-005,2743.11,23,50,0.9
OFR-01122,PRD-0374,SUP-022,2717.51,21,5,0.93
OFR-01123,PRD-0375,SUP-048,4030.66,15,5,0.72
OFR-01124,PRD-0375,SUP-020,4940.26,14,10,0.74
OFR-01125,PRD-0375,SUP-030,3973.28,17,10,0.96
OFR-01126,PRD-0376,SUP-028,2971.33,9,5,0.85
OFR-01127,PRD-0376,SUP-021,3022.57,7,20,0.94
OFR-01128,PRD-0376,SUP-027,3265.5,25,50,0.93
OFR-01129,PRD-0377,SUP-026,2982.49,16,10,0.88
OFR-01130,PRD-0377,SUP-047,2790.54,13,20,0.97
OFR-01131,PRD-0377,SUP-049,3412.12,18,50,0.81
OFR-01132,PRD-0378,SUP-021,286.21,7,10,0.94
OFR-01133,PRD-0378,SUP-034,367.11,14,50,0.85
OFR-01134,PRD-0378,SUP-011,313.34,8,5,0.8
OFR-01135,PRD-0379,SUP-030,4419.29,17,50,0.96
OFR-01136,PRD-0379,SUP-014,5041.89,11,5,0.94
OFR-01137,PRD-0379,SUP-004,4702.45,12,50,0.94
OFR-01138,PRD-0380,SUP-043,1260.94,7,10,0.78
OFR-01139,PRD-0380,SUP-017,1148.17,18,5,0.71
OFR-01140,PRD-0380,SUP-040,1082.96,5,5,0.91
OFR-01141,PRD-0381,SUP-018,2074.99,12,20,0.95
OFR-01142,PRD-0381,SUP-047,2205.92,13,5,0.97
OFR-01143,PRD-0381,SUP-033,2098.7,16,50,0.92
OFR-01144,PRD-0382,SUP-009,2406.52,13,20,0.71
OFR-01145,PRD-0382,SUP-042,2234.04,11,50,0.72
OFR-01146,PRD-0382,SUP-027,1878.2,25,10,0.93
OFR-01147,PRD-0383,SUP-020,2894.49,14,20,0.74
OFR-01148,PRD-0383,SUP-036,3717.38,8,5,0.93
OFR-01149,PRD-0383,SUP-032,3001.39,20,20,0.99
OFR-01150,PRD-0384,SUP-003,1932.7,14,10,0.89
OFR-01151,PRD-0384,SUP-025,2083.58,23,50,0.91
OFR-01152,PRD-0384,SUP-031,2176.63,8,5,0.81
OFR-01153,PRD-0385,SUP-014,3317.59,11,5,0.94
OFR-01154,PRD-0385,SUP-049,3972.99,18,10,0.81
OFR-01155,PRD-0385,SUP-028,3111.57,9,20,0.85
OFR-01156,PRD-0386,SUP-002,2525.63,4,20,0.79
OFR-01157,PRD-0386,SUP-014,2527.44,11,50,0.94
OFR-01158,PRD-0386,SUP-006,2169.47,25,50,0.99
OFR-01159,PRD-0387,SUP-042,588.54,11,5,0.72
OFR-01160,PRD-0387,SUP-005,519.85,23,5,0.9
OFR-01161,PRD-0387,SUP-024,595.04,3,50,0.82
OFR-01162,PRD-0388,SUP-005,4761.58,23,10,0.9
OFR-01163,PRD-0388,SUP-049,4941.28,18,20,0.81
OFR-01164,PRD-0388,SUP-015,4687.76,5,20,0.85
OFR-01165,PRD-0389,SUP-018,2126.59,12,50,0.95
OFR-01166,PRD-0389,SUP-014,2287.98,11,5,0.94
OFR-01167,PRD-0389,SUP-035,2200.69,15,20,0.98
OFR-01168,PRD-0390,SUP-022,4273.23,21,10,0.93
OFR-01169,PRD-0390,SUP-027,4764.36,25,10,0.93
OFR-01170,PRD-0390,SUP-012,5296.85,17,5,0.76
OFR-01171,PRD-0391,SUP-021,3388.94,7,5,0.94
OFR-01172,PRD-0391,SUP-038,3144.14,3,5,0.89
OFR-01173,PRD-0391,SUP-019,3759.39,21,10,0.74
OFR-01174,PRD-0392,SUP-034,327.02,14,20,0.85
OFR-01175,PRD-0392,SUP-040,296.36,5,50,0.91
OFR-01176,PRD-0392,SUP-025,323.31,23,50,0.91
OFR-01177,PRD-0393,SUP-048,5469.83,15,20,0.72
OFR-01178,PRD-0393,SUP-047,5224.01,13,50,0.97
OFR-01179,PRD-0393,SUP-044,4534.38,18,5,0.74
OFR-01180,PRD-0394,SUP-027,471.44,25,5,0.93
OFR-01181,PRD-0394,SUP-011,476.39,8,5,0.8
OFR-01182,PRD-0394,SUP-017,388.01,18,50,0.71
OFR-01183,PRD-0395,SUP-027,2549.67,25,20,0.93
OFR-01184,PRD-0395,SUP-036,2676.45,8,5,0.93
OFR-01185,PRD-0395,SUP-049,3298.91,18,5,0.81
OFR-01186,PRD-0396,SUP-002,3543.53,4,20,0.79
OFR-01187,PRD-0396,SUP-036,3912.76,8,5,0.93
OFR-01188,PRD-0396,SUP-008,3974.38,23,5,0.82
OFR-01189,PRD-0397,SUP-011,1651.97,8,50,0.8
OFR-01190,PRD-0397,SUP-035,1593.28,15,10,0.98
OFR-01191,PRD-0397,SUP-025,1474.57,23,50,0.91
OFR-01192,PRD-0398,SUP-021,2636.29,7,50,0.94
OFR-01193,PRD-0398,SUP-041,2814.63,18,5,0.95
OFR-01194,PRD-0398,SUP-045,2927.0,15,10,0.73
OFR-01195,PRD-0399,SUP-019,3568.41,21,10,0.74
OFR-01196,PRD-0399,SUP-011,2947.48,8,50,0.8
OFR-01197,PRD-0399,SUP-017,2915.12,18,20,0.71
OFR-01198,PRD-0400,SUP-049,178.18,18,5,0.81
OFR-01199,PRD-0400,SUP-033,175.7,16,50,0.92
OFR-01200,PRD-0400,SUP-043,161.6,7,20,0.78
OFR-01201,PRD-0401,SUP-035,1833.52,15,50,0.98
OFR-01202,PRD-0401,SUP-005,1464.38,23,10,0.9
OFR-01203,PRD-0401,SUP-030,1454.47,17,5,0.96
OFR-01204,PRD-0402,SUP-037,383.46,6,20,0.95
OFR-01205,PRD-0402,SUP-035,357.19,15,50,0.98
OFR-01206,PRD-0402,SUP-014,312.17,11,50,0.94
OFR-01207,PRD-0403,SUP-031,577.4,8,20,0.81
OFR-01208,PRD-0403,SUP-014,614.98,11,20,0.94
OFR-01209,PRD-0403,SUP-029,691.98,11,50,0.98
OFR-01210,PRD-0404,SUP-039,2524.94,13,10,0.86
OFR-01211,PRD-0404,SUP-023,2478.78,7,50,0.91
OFR-01212,PRD-0404,SUP-009,2636.6,13,10,0.71
OFR-01213,PRD-0405,SUP-018,2603.75,12,10,0.95
OFR-01214,PRD-0405,SUP-011,2744.93,8,50,0.8
OFR-01215,PRD-0405,SUP-040,2729.96,5,5,0.91
OFR-01216,PRD-0406,SUP-029,1237.74,11,5,0.98
OFR-01217,PRD-0406,SUP-033,1041.71,16,10,0.92
OFR-01218,PRD-0406,SUP-038,1211.15,3,20,0.89
OFR-01219,PRD-0407,SUP-020,3500.09,14,10,0.74
OFR-01220,PRD-0407,SUP-038,3239.22,3,5,0.89
OFR-01221,PRD-0407,SUP-033,3516.27,16,20,0.92
OFR-01222,PRD-0408,SUP-006,2664.94,25,5,0.99
OFR-01223,PRD-0408,SUP-003,2416.67,14,20,0.89
OFR-01224,PRD-0408,SUP-050,2612.77,14,5,0.99
OFR-01225,PRD-0409,SUP-014,5251.93,11,50,0.94
OFR-01226,PRD-0409,SUP-024,5022.05,3,10,0.82
OFR-01227,PRD-0409,SUP-016,5692.05,19,10,0.94
OFR-01228,PRD-0410,SUP-041,3345.49,18,5,0.95
OFR-01229,PRD-0410,SUP-006,3364.16,25,20,0.99
OFR-01230,PRD-0410,SUP-008,3068.28,23,20,0.82
OFR-01231,PRD-0411,SUP-025,446.55,23,5,0.91
OFR-01232,PRD-0411,SUP-019,413.29,21,50,0.74
OFR-01233,PRD-0411,SUP-030,431.18,17,10,0.96
OFR-01234,PRD-0412,SUP-010,3357.32,11,10,0.75
OFR-01235,PRD-0412,SUP-045,3535.07,15,20,0.73
OFR-01236,PRD-0412,SUP-029,2807.7,11,50,0.98
OFR-01237,PRD-0413,SUP-024,1569.12,3,20,0.82
OFR-01238,PRD-0413,SUP-049,1310.23,18,20,0.81
OFR-01239,PRD-0413,SUP-006,1346.66,25,5,0.99
OFR-01240,PRD-0414,SUP-014,3710.55,11,20,0.94
OFR-01241,PRD-0414,SUP-044,4097.98,18,5,0.74
OFR-01242,PRD-0414,SUP-021,3818.0,7,50,0.94
OFR-01243,PRD-0415,SUP-040,2779.34,5,10,0.91
OFR-01244,PRD-0415,SUP-033,2334.57,16,10,0.92
OFR-01245,PRD-0415,SUP-044,2383.96,18,10,0.74
OFR-01246,PRD-0416,SUP-038,3019.85,3,20,0.89
OFR-01247,PRD-0416,SUP-049,2713.4,18,5,0.81
OFR-01248,PRD-0416,SUP-040,3438.67,5,50,0.91
OFR-01249,PRD-0417,SUP-033,4561.78,16,5,0.92
OFR-01250,PRD-0417,SUP-041,4479.11,18,5,0.95
OFR-01251,PRD-0417,SUP-001,4370.71,6,50,0.87
OFR-01252,PRD-0418,SUP-026,2207.98,16,10,0.88
OFR-01253,PRD-0418,SUP-018,1953.47,12,20,0.95
OFR-01254,PRD-0418,SUP-028,2521.05,9,5,0.85
OFR-01255,PRD-0419,SUP-022,1564.33,21,10,0.93
OFR-01256,PRD-0419,SUP-041,1851.36,18,50,0.95
OFR-01257,PRD-0419,SUP-034,1776.0,14,5,0.85
OFR-01258,PRD-0420,SUP-045,2448.59,15,5,0.73
OFR-01259,PRD-0420,SUP-004,2009.5,12,10,0.94
OFR-01260,PRD-0420,SUP-020,2190.03,14,5,0.74
OFR-01261,PRD-0421,SUP-026,2288.08,16,5,0.88
OFR-01262,PRD-0421,SUP-013,1996.7,6,5,0.74
OFR-01263,PRD-0421,SUP-035,2167.77,15,50,0.98
OFR-01264,PRD-0422,SUP-050,5186.34,14,50,0.99
OFR-01265,PRD-0422,SUP-034,5000.05,14,10,0.85
OFR-01266,PRD-0422,SUP-018,5039.11,12,5,0.95
OFR-01267,PRD-0423,SUP-006,589.67,25,5,0.99
OFR-01268,PRD-0423,SUP-025,552.94,23,50,0.91
OFR-01269,PRD-0423,SUP-016,558.55,19,20,0.94
OFR-01270,PRD-0424,SUP-048,2127.73,15,50,0.72
OFR-01271,PRD-0424,SUP-032,2142.23,20,50,0.99
OFR-01272,PRD-0424,SUP-049,1960.91,18,10,0.81
OFR-01273,PRD-0425,SUP-006,2814.8,25,20,0.99
OFR-01274,PRD-0425,SUP-049,2800.2,18,5,0.81
OFR-01275,PRD-0425,SUP-045,2663.24,15,20,0.73
OFR-01276,PRD-0426,SUP-027,2915.58,25,5,0.93
OFR-01277,PRD-0426,SUP-005,3097.76,23,50,0.9
OFR-01278,PRD-0426,SUP-044,2866.21,18,10,0.74
OFR-01279,PRD-0427,SUP-013,2033.57,6,50,0.74
OFR-01280,PRD-0427,SUP-019,1773.38,21,10,0.74
OFR-01281,PRD-0427,SUP-022,1990.57,21,5,0.93
OFR-01282,PRD-0428,SUP-012,4402.64,17,50,0.76
OFR-01283,PRD-0428,SUP-004,5415.07,12,20,0.94
OFR-01284,PRD-0428,SUP-011,4649.86,8,50,0.8
OFR-01285,PRD-0429,SUP-030,2008.75,17,5,0.96
OFR-01286,PRD-0429,SUP-025,2031.95,23,10,0.91
OFR-01287,PRD-0429,SUP-022,2081.49,21,10,0.93
OFR-01288,PRD-0430,SUP-030,993.32,17,20,0.96
OFR-01289,PRD-0430,SUP-008,1159.13,23,20,0.82
OFR-01290,PRD-0430,SUP-037,1007.24,6,5,0.95
OFR-01291,PRD-0431,SUP-015,4862.82,5,5,0.85
OFR-01292,PRD-0431,SUP-020,4661.69,14,10,0.74
OFR-01293,PRD-0431,SUP-019,4603.67,21,5,0.74
OFR-01294,PRD-0432,SUP-039,1826.96,13,20,0.86
OFR-01295,PRD-0432,SUP-024,1882.04,3,20,0.82
OFR-01296,PRD-0432,SUP-003,2114.42,14,20,0.89
OFR-01297,PRD-0433,SUP-027,1199.36,25,50,0.93
OFR-01298,PRD-0433,SUP-016,1148.03,19,50,0.94
OFR-01299,PRD-0433,SUP-003,1370.01,14,10,0.89
OFR-01300,PRD-0434,SUP-017,4832.15,18,50,0.71
OFR-01301,PRD-0434,SUP-007,4743.62,18,5,0.73
OFR-01302,PRD-0434,SUP-011,5018.36,8,5,0.8
OFR-01303,PRD-0435,SUP-039,3893.03,13,50,0.86
OFR-01304,PRD-0435,SUP-032,3026.59,20,50,0.99
OFR-01305,PRD-0435,SUP-015,2927.65,5,10,0.85
OFR-01306,PRD-0436,SUP-026,2765.3,16,50,0.88
OFR-01307,PRD-0436,SUP-004,3170.29,12,10,0.94
OFR-01308,PRD-0436,SUP-050,3156.93,14,10,0.99
OFR-01309,PRD-0437,SUP-015,951.21,5,10,0.85
OFR-01310,PRD-0437,SUP-050,855.95,14,50,0.99
OFR-01311,PRD-0437,SUP-038,860.98,3,50,0.89
OFR-01312,PRD-0438,SUP-018,1644.62,12,50,0.95
OFR-01313,PRD-0438,SUP-040,1625.82,5,50,0.91
OFR-01314,PRD-0438,SUP-035,1895.77,15,50,0.98
OFR-01315,PRD-0439,SUP-047,2615.72,13,50,0.97
OFR-01316,PRD-0439,SUP-003,3040.2,14,10,0.89
OFR-01317,PRD-0439,SUP-043,2793.71,7,5,0.78
OFR-01318,PRD-0440,SUP-024,676.63,3,20,0.82
OFR-01319,PRD-0440,SUP-001,868.09,6,5,0.87
OFR-01320,PRD-0440,SUP-003,825.37,14,50,0.89
OFR-01321,PRD-0441,SUP-030,3470.37,17,50,0.96
OFR-01322,PRD-0441,SUP-002,3901.89,4,5,0.79
OFR-01323,PRD-0441,SUP-022,3297.24,21,5,0.93
OFR-01324,PRD-0442,SUP-043,2054.14,7,20,0.78
OFR-01325,PRD-0442,SUP-016,1944.5,19,20,0.94
OFR-01326,PRD-0442,SUP-015,2018.73,5,5,0.85
OFR-01327,PRD-0443,SUP-042,1900.08,11,5,0.72
OFR-01328,PRD-0443,SUP-007,2011.42,18,5,0.73
OFR-01329,PRD-0443,SUP-030,2148.65,17,10,0.96
OFR-01330,PRD-0444,SUP-033,3099.43,16,10,0.92
OFR-01331,PRD-0444,SUP-021,3106.49,7,20,0.94
OFR-01332,PRD-0444,SUP-036,2823.43,8,10,0.93
OFR-01333,PRD-0445,SUP-011,860.06,8,10,0.8
OFR-01334,PRD-0445,SUP-028,768.12,9,10,0.85
OFR-01335,PRD-0445,SUP-002,890.25,4,20,0.79
OFR-01336,PRD-0446,SUP-049,3696.5,18,20,0.81
OFR-01337,PRD-0446,SUP-042,3599.14,11,5,0.72
OFR-01338,PRD-0446,SUP-015,3139.79,5,50,0.85
OFR-01339,PRD-0447,SUP-029,3072.73,11,10,0.98
OFR-01340,PRD-0447,SUP-025,3059.88,23,5,0.91
OFR-01341,PRD-0447,SUP-023,3291.85,7,5,0.91
OFR-01342,PRD-0448,SUP-013,2556.66,6,20,0.74
OFR-01343,PRD-0448,SUP-008,2205.14,23,20,0.82
OFR-01344,PRD-0448,SUP-030,2327.18,17,5,0.96
OFR-01345,PRD-0449,SUP-027,3760.17,25,10,0.93
OFR-01346,PRD-0449,SUP-009,4086.58,13,20,0.71
OFR-01347,PRD-0449,SUP-023,4311.48,7,10,0.91
OFR-01348,PRD-0450,SUP-040,2389.07,5,5,0.91
OFR-01349,PRD-0450,SUP-008,2312.95,23,10,0.82
OFR-01350,PRD-0450,SUP-018,2266.41,12,50,0.95
OFR-01351,PRD-0451,SUP-007,2700.76,18,5,0.73
OFR-01352,PRD-0451,SUP-019,2315.34,21,20,0.74
OFR-01353,PRD-0451,SUP-028,2549.61,9,5,0.85
OFR-01354,PRD-0452,SUP-002,1029.5,4,10,0.79
OFR-01355,PRD-0452,SUP-044,1299.67,18,5,0.74
OFR-01356,PRD-0452,SUP-030,1270.52,17,5,0.96
OFR-01357,PRD-0453,SUP-007,119.47,18,10,0.73
OFR-01358,PRD-0453,SUP-037,144.0,6,5,0.95
OFR-01359,PRD-0453,SUP-050,147.09,14,10,0.99
OFR-01360,PRD-0454,SUP-044,3586.96,18,10,0.74
OFR-01361,PRD-0454,SUP-025,3308.02,23,50,0.91
OFR-01362,PRD-0454,SUP-012,3734.45,17,50,0.76
OFR-01363,PRD-0455,SUP-020,1793.84,14,5,0.74
OFR-01364,PRD-0455,SUP-023,1742.12,7,10,0.91
OFR-01365,PRD-0455,SUP-011,1458.52,8,50,0.8
OFR-01366,PRD-0456,SUP-030,3950.02,17,20,0.96
OFR-01367,PRD-0456,SUP-025,4158.24,23,5,0.91
OFR-01368,PRD-0456,SUP-001,3223.31,6,50,0.87
OFR-01369,PRD-0457,SUP-025,1703.43,23,50,0.91
OFR-01370,PRD-0457,SUP-009,1991.75,13,50,0.71
OFR-01371,PRD-0457,SUP-018,2183.91,12,5,0.95
OFR-01372,PRD-0458,SUP-045,3021.13,15,20,0.73
OFR-01373,PRD-0458,SUP-009,2568.75,13,50,0.71
OFR-01374,PRD-0458,SUP-049,3077.57,18,20,0.81
OFR-01375,PRD-0459,SUP-037,1866.63,6,5,0.95
OFR-01376,PRD-0459,SUP-004,2159.97,12,10,0.94
OFR-01377,PRD-0459,SUP-012,2163.67,17,5,0.76
OFR-01378,PRD-0460,SUP-027,171.82,25,5,0.93
OFR-01379,PRD-0460,SUP-040,203.83,5,10,0.91
OFR-01380,PRD-0460,SUP-044,187.11,18,20,0.74
OFR-01381,PRD-0461,SUP-045,2973.1,15,20,0.73
OFR-01382,PRD-0461,SUP-001,2710.53,6,10,0.87
OFR-01383,PRD-0461,SUP-024,2596.3,3,20,0.82
OFR-01384,PRD-0462,SUP-042,3183.45,11,10,0.72
OFR-01385,PRD-0462,SUP-008,3899.16,23,20,0.82
OFR-01386,PRD-0462,SUP-012,3648.77,17,10,0.76
OFR-01387,PRD-0463,SUP-014,741.37,11,10,0.94
OFR-01388,PRD-0463,SUP-029,643.14,11,5,0.98
OFR-01389,PRD-0463,SUP-034,631.27,14,50,0.85
OFR-01390,PRD-0464,SUP-036,1002.24,8,5,0.93
OFR-01391,PRD-0464,SUP-043,866.28,7,20,0.78
OFR-01392,PRD-0464,SUP-035,1081.8,15,5,0.98
OFR-01393,PRD-0465,SUP-019,4550.38,21,50,0.74
OFR-01394,PRD-0465,SUP-036,4544.51,8,20,0.93
OFR-01395,PRD-0465,SUP-003,4380.42,14,20,0.89
OFR-01396,PRD-0466,SUP-012,2080.43,17,5,0.76
OFR-01397,PRD-0466,SUP-019,2171.51,21,50,0.74
OFR-01398,PRD-0466,SUP-003,2293.99,14,10,0.89
OFR-01399,PRD-0467,SUP-034,2094.62,14,10,0.85
OFR-01400,PRD-0467,SUP-033,2262.74,16,5,0.92
OFR-01401,PRD-0467,SUP-029,2167.78,11,20,0.98
OFR-01402,PRD-0468,SUP-027,471.32,25,10,0.93
OFR-01403,PRD-0468,SUP-050,466.06,14,20,0.99
OFR-01404,PRD-0468,SUP-031,549.49,8,20,0.81
OFR-01405,PRD-0469,SUP-019,1040.07,21,50,0.74
OFR-01406,PRD-0469,SUP-048,1194.14,15,10,0.72
OFR-01407,PRD-0469,SUP-024,1300.41,3,20,0.82
OFR-01408,PRD-0470,SUP-027,2590.38,25,5,0.93
OFR-01409,PRD-0470,SUP-006,2666.7,25,20,0.99
OFR-01410,PRD-0470,SUP-017,2584.11,18,5,0.71
OFR-01411,PRD-0471,SUP-011,2770.23,8,5,0.8
OFR-01412,PRD-0471,SUP-008,2435.03,23,5,0.82
OFR-01413,PRD-0471,SUP-015,2642.53,5,50,0.85
OFR-01414,PRD-0472,SUP-029,3186.53,11,50,0.98
OFR-01415,PRD-0472,SUP-004,3981.86,12,20,0.94
OFR-01416,PRD-0472,SUP-037,3758.28,6,10,0.95
OFR-01417,PRD-0473,SUP-017,664.44,18,5,0.71
OFR-01418,PRD-0473,SUP-018,676.61,12,5,0.95
OFR-01419,PRD-0473,SUP-049,579.78,18,50,0.81
OFR-01420,PRD-0474,SUP-021,856.14,7,20,0.94
OFR-01421,PRD-0474,SUP-010,850.66,11,5,0.75
OFR-01422,PRD-0474,SUP-005,879.96,23,50,0.9
OFR-01423,PRD-0475,SUP-033,993.62,16,20,0.92
OFR-01424,PRD-0475,SUP-028,983.57,9,20,0.85
OFR-01425,PRD-0475,SUP-006,825.04,25,5,0.99
OFR-01426,PRD-0476,SUP-045,4283.15,15,20,0.73
OFR-01427,PRD-0476,SUP-036,4191.95,8,20,0.93
OFR-01428,PRD-0476,SUP-041,3511.35,18,5,0.95
OFR-01429,PRD-0477,SUP-023,3555.12,7,10,0.91
OFR-01430,PRD-0477,SUP-007,2964.64,18,50,0.73
OFR-01431,PRD-0477,SUP-041,3099.82,18,20,0.95
OFR-01432,PRD-0478,SUP-041,1491.44,18,20,0.95
OFR-01433,PRD-0478,SUP-024,1544.21,3,5,0.82
OFR-01434,PRD-0478,SUP-002,1626.16,4,10,0.79
OFR-01435,PRD-0479,SUP-033,1946.88,16,10,0.92
OFR-01436,PRD-0479,SUP-032,1949.71,20,5,0.99
OFR-01437,PRD-0479,SUP-031,1961.7,8,5,0.81
OFR-01438,PRD-0480,SUP-030,3623.26,17,5,0.96
OFR-01439,PRD-0480,SUP-036,2979.16,8,5,0.93
OFR-01440,PRD-0480,SUP-037,3104.6,6,50,0.95
OFR-01441,PRD-0481,SUP-009,383.53,13,50,0.71
OFR-01442,PRD-0481,SUP-043,380.34,7,5,0.78
OFR-01443,PRD-0481,SUP-003,398.43,14,5,0.89
OFR-01444,PRD-0482,SUP-048,1832.27,15,10,0.72
OFR-01445,PRD-0482,SUP-037,1606.26,6,50,0.95
OFR-01446,PRD-0482,SUP-010,1542.54,11,50,0.75
OFR-01447,PRD-0483,SUP-002,334.91,4,50,0.79
OFR-01448,PRD-0483,SUP-006,399.36,25,20,0.99
OFR-01449,PRD-0483,SUP-012,338.71,17,5,0.76
OFR-01450,PRD-0484,SUP-038,3538.54,3,5,0.89
OFR-01451,PRD-0484,SUP-034,3745.93,14,5,0.85
OFR-01452,PRD-0484,SUP-012,3090.12,17,10,0.76
OFR-01453,PRD-0485,SUP-044,3388.11,18,5,0.74
OFR-01454,PRD-0485,SUP-017,2945.85,18,5,0.71
OFR-01455,PRD-0485,SUP-032,2641.94,20,5,0.99
OFR-01456,PRD-0486,SUP-010,3349.22,11,5,0.75
OFR-01457,PRD-0486,SUP-002,2559.04,4,20,0.79
OFR-01458,PRD-0486,SUP-047,2671.25,13,5,0.97
OFR-01459,PRD-0487,SUP-030,4020.21,17,5,0.96
OFR-01460,PRD-0487,SUP-050,5159.05,14,10,0.99
OFR-01461,PRD-0487,SUP-027,4563.08,25,10,0.93
OFR-01462,PRD-0488,SUP-025,1790.1,23,5,0.91
OFR-01463,PRD-0488,SUP-034,1526.1,14,20,0.85
OFR-01464,PRD-0488,SUP-045,1585.96,15,5,0.73
OFR-01465,PRD-0489,SUP-047,790.38,13,50,0.97
OFR-01466,PRD-0489,SUP-024,803.76,3,5,0.82
OFR-01467,PRD-0489,SUP-002,913.54,4,50,0.79
OFR-01468,PRD-0490,SUP-045,620.7,15,20,0.73
OFR-01469,PRD-0490,SUP-005,657.06,23,50,0.9
OFR-01470,PRD-0490,SUP-016,603.82,19,50,0.94
OFR-01471,PRD-0491,SUP-024,2360.42,3,20,0.82
OFR-01472,PRD-0491,SUP-016,2828.78,19,10,0.94
OFR-01473,PRD-0491,SUP-006,2639.5,25,10,0.99
OFR-01474,PRD-0492,SUP-044,1122.16,18,50,0.74
OFR-01475,PRD-0492,SUP-008,1149.56,23,5,0.82
OFR-01476,PRD-0492,SUP-006,1188.96,25,5,0.99
OFR-01477,PRD-0493,SUP-042,2564.13,11,5,0.72
OFR-01478,PRD-0493,SUP-025,2331.92,23,5,0.91
OFR-01479,PRD-0493,SUP-007,2610.27,18,50,0.73
OFR-01480,PRD-0494,SUP-022,1954.88,21,10,0.93
OFR-01481,PRD-0494,SUP-006,2141.43,25,10,0.99
OFR-01482,PRD-0494,SUP-001,1622.11,6,20,0.87
OFR-01483,PRD-0495,SUP-029,1945.48,11,5,0.98
OFR-01484,PRD-0495,SUP-005,2371.91,23,20,0.9
OFR-01485,PRD-0495,SUP-007,1962.83,18,20,0.73
OFR-01486,PRD-0496,SUP-027,338.6,25,10,0.93
OFR-01487,PRD-0496,SUP-036,315.92,8,20,0.93
OFR-01488,PRD-0496,SUP-041,313.78,18,10,0.95
OFR-01489,PRD-0497,SUP-014,1911.12,11,10,0.94
OFR-01490,PRD-0497,SUP-025,1468.59,23,50,0.91
OFR-01491,PRD-0497,SUP-032,1739.3,20,10,0.99
OFR-01492,PRD-0498,SUP-050,1437.88,14,5,0.99
OFR-01493,PRD-0498,SUP-024,1322.65,3,5,0.82
OFR-01494,PRD-0498,SUP-044,1560.38,18,50,0.74
OFR-01495,PRD-0499,SUP-025,1507.36,23,20,0.91
OFR-01496,PRD-0499,SUP-016,1837.46,19,5,0.94
OFR-01497,PRD-0499,SUP-039,1835.51,13,50,0.86
OFR-01498,PRD-0500,SUP-037,4978.48,6,10,0.95
OFR-01499,PRD-0500,SUP-025,3992.81,23,20,0.91
OFR-01500,PRD-0500,SUP-044,5068.4,18,5,0.74
